id,category,title,ingredients
resep-24955519,ayam,Egg Chicken Roll,"['1 butir telur', '1 butir kuning telur', '60 gr tepung terigu', '15 gr maizena rose brand', '1/2 sdm garam', '1/2 sdm kaldu jamur', '1/4 sdm gula pasir', '3 tetes pewarna kuning', '15 ml minyak', '180 ml air', '300 gr paha ayam fillet', '1 butir putih telur', '3 siung bawang putih (iris, goreng)', '1 siung bawang merah (iris, goreng)', '1 sdm saori', '1 sdm minyak wijen', '1 sdm kecap asin', '1/2 sdm garam', '1/2 sdm lada bubuk', '1/2 sdm kaldu jamur', '1/2 sdm gula pasir', '1/2 sdm bubuk pala (bubuk ngohiong)', '1 sdm tepung tapioka', '1 sdm maizena Rose brand', '40 ml air es', '1 sdm tepung terigu', 'Secukupnya air']"
resep-24983411,ayam,Ayam Panggang Madu Ketumbar,"['500-600 gr Ayam, potong2', '50 gr minyak untuk menumis', '12 gr Kaldu Ayam (1sdt)', '15 ml kecap asin', '15 ml saus tiram', '25 ml kecap manis', '25 ml madu', '15 gr jahe parut (2 ruas jari)', '1 batang serai (18 gr)', '40 gr bawang merah', '30 gr bawang putih', '50 gr kemiri', '5 gr ketumbar bubuk', '2 gr daun salam (2 lembar)', '2 gr lada bubuk', '2 gr garam (1/4 sdt)', '2 gr minyak wijen', '300 ml air']"
resep-24975670,ayam,Ayam Asam Manis Pedas,"['secukupnya Paha ayam dan 2 potong daging ayam ukuran kecil', '2 buah Jeruk nipis', 'secukupnya Garam', '2 sdm Minyak goreng u/ dibalur ke daging ayam sebelum dipanggang', 'secukupnya Minyak goreng', '1 buah Bawang bombay iris', '3 siung Bawang putih iris', 'secukupnya Saus tomat', 'secukupnya Saus cabai', '2 bungkus Saus tiram (difoto 1 bungkus, aslinya aku pakai 2 bungkus agar rasanya lebih mantul)', 'secukupnya Kecap manis (aku pakai produk kecap Sedapp)', 'secukupnya Air bersih', 'secukupnya Buah nenas dipotong kecil', 'secukupnya Cabai merah diiris serong', 'secukupnya Cabai hijau diiris serong', '1 batang Daun bawang diiris tipis (lupa dipakai )']"
resep-24983731,ayam,Ayam panggang teflon,"['1 kg ayam negri (dipotong 10)', '1 buah jeruk nipis', 'Secukupnya air', '1/2 bungkus kecil asam jawa', '2 sdm saus tiram', 'Secukupnya kecap manis', 'Sedikit gula merah', 'Secukupnya garam', '2 buah kemiri', 'Secukupnya penyedap rasa', '7 buah bawang merah', '3 buah bawang putih', '1 sdt lada bubuk/lada bijian', '1/2 sdm ketumbar bijian/bubuk', '1 sdm madu', 'Secukupnya minyak goreng', '5 cm jahe']"
resep-24975281,ayam,Chicken Spicy Wings,"['2 kg sayap ayam', 'Secukupnya minyak untuk menggoreng', '2 sachet saus tiram', '2 sachet bawang putih bubuk', '1 sachet lada bubuk', '1 sdm garam', '1 sdm penyedap/ micin', '4 sdm saus tomat', '8 sdm saus sambal', '3 sdm bubuk paprika', '2 sdm cabe bubuk (saya pakai bon cabe level 10)', '5 sdm palm sugar', '2 sdm minyak wijen']"
resep-24978641,ayam,Ayam Goreng Ketumbar,"['1 ekor ayam (700 gram), potong sesuai selera', '5 sdm maizena', '500 ml minyak untuk menggoreng', '50 ml susu uht', '1 sdm air lemon/jeruk nipis/cuka', '2 sdm ketumbar butir', '5 butir bawang merah', '10 siung bawang putih', '3 lembar daun jeruk', '1 ruas kunyit', '1 ruas jahe', '5 butir kemiri goreng', '2 sdt kaldu jamur', '1 1/4 sdm garam', '25 ml air']"
resep-24978217,ayam,Ayam Goreng Mentega,"['1/2 ekor ayam', '1 bh jeruk nipis', '1 sdm kecap asin', '2 sdm maizena Rose Brand', '1/2 sdt merica bubuk', '1/2 sdt garam', '3 siung bawang putih, geprek', '1/2 bh bawang bombai', '4 sdm Margarin Rose Brand', '3 sdm kecap inggris', '1 sdm saus tiram', '2 sdm kecap manis', '1 sdt Gula Pasir Rose Brand', '50 ml air', 'Secukupnya Minyak Goreng Rose Brand']"
resep-24984015,ayam,Ayam Suwir Pedas Daun Jeruk Kemangi,"['Kunyit', 'Jahe Se Klingking', '2 Buah Kemiri', '2 Gengggam daun Kemangi', '1 lembar daun Salam', '1 batang sereh', '3 lembar daun Jeruk', '500 Gr dada Ayam', '15 buah cabe Merah Keririting', '3 buah cabe Rawit Merah', '5 siung bawang Merah', '3 siung bawang Putih']"
resep-24976041,ayam,Gongso ayam pedas manis,"['500 gr ayam sayap', '1 buah jahe', '3 lembar daun salam', '600 ml air (untuk merebus ayam)', 'secukupnya Garam', 'secukupnya Gula aren', 'secukupnya Kecap', 'secukupnya Penyedap rasa', 'secukupnya Minyak', '7 butir bawang merah', '3 butir bawang putih', '2 butir kemiri', '10 cabe merah keriting', '3 cabe setan', '1/2 ruas jahe', 'secukupnya Minyak']"
resep-24984009,ayam,Tumis Ayam Pedas Daun Jeruk,"['250 gr Dada Ayam Potong Dadu (Bersihkan Dgn Jeruk Nipis &amp; Garam(', '5 buah Cabe Merah Kriting,', '3 buah Rawit Merah,', '5 buah Cabe Hijau Kriting', '5 Lembar Daun Jeruk (Iris Tipis Memanjang)', '3 siung Bawang Merah', '3 siung Bawang Putih', 'Saori Saos Tiram', 'Garam', 'Gula', 'Lada']"
resep-24976347,daging sapi,Lapis Daging Surabaya Empuk dan Gurih,"['1/2 kg Daging Sapi Has Dalam', '4 sdm Minyak', '500 ml Air Matang', '1 buah Tomat Merah, cincang', '100 ml Kecap Manis', '2 sdm Bawang Merah Goreng', 'BUMBU AROMATIK (tambahan saya) :', '1 btg Sereh, potong empat bagian', '1 ruas Laos/Lengkuas', '3 lmbr Daun Salam', 'BUMBU DIHALUSKAN/MARINASI :', '8 siung Bawang Putih', '5 siung Bawang Merah', '5 butir Kemiri', '2 buah Cabe Merah Keriting (me;Tanjung&amp;Keriting)', '1/2 sdt Pala Bubuk', '1/2 sdt Merica Bubuk', '1 sdt Gula Pasir', '1 sdt Garam']"
resep-24983951,daging sapi,Kalio Daging khas Minang,"['1 kg daging sapi', '100 gr cabe giling', '1500 ml santan (2 butir kelapa)', ' Bumbu halus :', '15 butir bawang merah', '8 siung bawang putih', '15 gr jahe', ' Bumbu Rempah :', '1 sdm ketumbar bubuk', '5 buah cengkeh', '3 buah kapulaga', '1/2 sdt pala bubuk', '3 cm kayumanis', '1 buah bunga lawang', '1 buah cabe jawa', ' Bumbu aromatik :', '20 gr lengkuas', '2 batang serai', '1 lembar daun kunyit', '5 lembar daun jeruk', ' Seasoning :', '1/2 sdm garam', '2 sdt kaldu bubuk', '1 sdt gula pasir']"
resep-24973685,daging sapi,Soto Daging,"['250 gr Daging Sapi', '800 ml Air', '4 siung Bawang Putih', '1 sachet Bumbu Soto Instan', '2 btg Seledri', 'Seiris Jahe, geprek', '2 btg Daun Bawang Pre', 'Secukupnya Merica, garam, gula, penyedap']"
resep-24983605,daging sapi,Gepuk Daging,"['Secukupnya daging sapi (yang sudah direbus/di presto)', '65 ml santan kara', '2-3 butir kemiri', '10 bawang merah', '5 bawang putih', '1 sdt ketumbar bubuk', '1 sdt merica bubuk', 'secukupnya Laos/ 1 bks laos bubuk', '2 keping gula merah/secukupnya', '1 sdt garam', '1 sdt kaldu bubuk', 'secukupnya Asam jawa', 'secukupnya Air', '1 lembar daun salam', '1 batang serai']"
resep-24816201,daging sapi,Kalio daging khas Minangkabau,"['2 kg daging sapi tanpa lemak', '2 bungkus bumbu rendang siap beli', 'Bumbu halus tambahan', '5 siung bawang merah', '3 siung bawang putih', '3 butir kemiri', '1 ruas Lengkuas', '1 sdt garam', '2 sdm gula merah', '2 sdm cabe bubuk', 'Bumbu Cemplung', '3 lembar daun jeruk', '2 batang sereh geprek', '1 lembar daun kunyit', '2 lembar daun salam', 'Santan kental dari 3 kelapa']"
resep-24973558,ikan,Ikan goreng kecap,"['12 potong ikan masak', 'Sec minyak goreng', '5 buah cabe rawit merah dan hijau haluskan', '1 siung bawang putih iris/cincang', '5 sdm air minum', 'Sec kecap manis', '1/4 sdt garam halus']"
resep-24730348,ikan,Kuah Pedas Kepala Ikan Patin,"['1 kepala ikan patin potong dua (boleh ikan yang lain)', '1 buah timun', '3 buah tomat hijau', '1 batang serai', '1 lbr daun salam', 'Secukupnya air', 'Secukupnya garam gula penyedap', '5 siung bawang merah', '3 siung bawang putih', '1 ruas kunyit', '1/2 ruas jahe', '1/2 ruas kencur', '1 ruas lengkuas muda', '1/4 sdt lada', '1/2 sdt ketumbar', '1/4 sdt pala', '2 butir kemiri', '15 cabe rawit', '1/4 sdt terasi']"
resep-23902397,ikan,Pampis Cakalang Asap,"['300 gr cakalang asap', '1 ikat kemangi', '1 buah tomat, potong dadu kecil', '1 sdt garam (secukupnya)', '1 sdt gula', '1/4 sdt merica bubuk', '1/4 sdt kaldu jamur bubuk:', '7 butir bawang merah', '5 buah cabe merah besar', '5 buah cabe rawit merah', '1 batang sereh bagian putihnya saja, iris halus', '1 ruas jari jahe, memarkan', '3 lembar daun jeruk, iris halus', '1 lembar daun pandan', '1 lembar daun kunyit']"
resep-24984268,ikan,Ikan Kembung Pedas Ketumbar,"['2 ekor Ikan Kembung', '1/3 sdm Bubuk Marinasi', '1 sdt Garam Himalaya', '1 sdt Kaldu Jamur murni', '1/2 sdt Merica bubuk (tambahan)', '1 sdt Gula pasir (me : Gula merah)', '300 ml Air', 'Minyak goreng', '4 butir Bawang Merah', '2 siung Bawang Putih', '1 sdt Ketumbar butiran', '2 buah Cabe Merah', '4 buah Cabe Rawit', 'Minyak sayur']"
resep-24963693,ikan,Pindang Ikan Tongkol Tumis Pedas,"['1 kg Ikan Tongkol, saya pilih yang isi 2 ekor', '6 buah cabe rawit', '3 buah cabe keriting', '8 siung bawang merah', '8 siung bawang putih', '1 buah tomat', 'secukupnya daun salam', '2 sendok makan kecap manis', '2 sendok makan saos tiram', 'secukupnya garam', 'secukupnya gula merah', 'secukupnya kaldu jamur', '1 buah jeruk nipis']"
resep-24971719,udang,Udang Saos Padang,"['250 gram udang, buang kulitnya', '1 helai daun bawang, iris', '1/4 buah bawang bombai, iris', '1/2 buah tomat, iris', '3 helai daun jeruk, robek-robek', '2 sdm saus tomat', '1/2 sdt garam', '100 ml air', '1 sdm kaldu bubuk', '1 batang serai, geprek', 'Secukupnya minyak Rose Brand', '10 buah cabe merah (boleh + rawit kalau mau pedas)', '5 siung bawang merah', '2 buah bawang putih', '1 ruas jahe']"
resep-13676196,udang,Ranjungan Udang Saus Padang,"['250 gr udang bago', '2 ranjungan ukuran sedang rebus 3-5 menit tambahkan 1 daun salam', '3 siung bawang putih', '5 bawang merah', '3 cabe merah keriting', '2 cabe hijau besar', '15 cabe rawit', '1/4 sdt pala bubuk', '2 ruas jahe', '5 daun jeruk', '1 batang serei geprek', '2 sdm saus tiram', '3 sdm saus sambal', '1 sdm saus tomat', 'Secukupnya gula, garam dan kaldu bubuk']"
resep-24965543,udang,Udang Goreng Mentega,"['500 gram udang ukuran sedang', '2 sdm mentega', '1 buah bawang bombay, iris', '1 siung bawang putih, cincang halus', '2 batang daun bawang, potong', '1 sdm air perasan jeruk nipis', 'secukupnya Minyak goreng,', '100 ml air', '2 sdm saus tiram', '1 sdm Kecap Inggeris Asia Harum Sedap', '1 sdm kecap manis', '1/2 sdt garam', '1/2 sdt lada bubuk']"
resep-24979875,udang,Botok Udang Bakso,"['250 gr udang', '1 kotak tahu ukuran sedang, potong dadu kecil', '8 butir bakso, iris tipis-tipis', '1 ikat daun kemangi, ambil daunnya saja', '1 genggam petai cina', 'Segenggam cabe ijo ale, iris serong cabe ijonya', '1/2 butir kelapa, parut memanjang', '2 butir telur rebus, potong menjadi 8bagian per butir', '2 buah tomat, iris tipis-tipis', 'Sesuai selera cabe rawit utuh', '25 buah cabe rawit (sesuai selera)', '6 siung bawang merah', '4 siung bawang putih', '2 cm kencur', '2 lembar daun jeruk', '1 sdm ketumbar butiran', '1/2 sdt garam', '1 sdt kaldu bubuk ayam', '1 sdt penyedap', 'Secukupnya daun pisang', 'Secukupnya tusuk gigi']"
resep-24966502,udang,Tumis Udang Sederhana,"['250 g Udang besar', '4 siung (cincang) Bawang merah', '2 siung (cincang) Bawang putih', '2 buah (cincang) Cabai merah besar', '3 buah (cincang) Cabai rawit', '1/4 sdt Lada bubuk', '1 sdm Saus tiram', '1 sdm Kecap asin', '1/2 sdt Gula', '1/4 sdt Penyedap', '1 batang (dipotong-potong) Daun bawang', '2 sdm Minyak goreng']"
resep-24974381,cumi,Sambal Baby Cumi Homemade,"['250 gr baby cumi biasa (bukan asin) ukuran 1cm-2cm', '5 lembar daun jeruk', '2 lembar daun salam', '2 bks terasi', '1 sdt garam', '1 sdt ajinomoto/penyedap rasa', '2 sdm gula', 'Secukupnya cabe merah besar/cabe keriting', '5 siung bawang putih', '10 siung bawang merah']"
resep-24978341,cumi,Cumi saos padang,"['500 gr cumi', '1/2 buah bawang Bombay', '1 buah jagung Manis', '200 ml air', '1 batang serai', '2 lembar daun Salam', '7 butir bawang merah', '5 siung bawang putih', '1 buah tomat', '10 buah cabe merah keriting', '2 buah kemiri', '3 sdm saos tomat', '3 sdm saos sambal', '1 sdm saos tiram', '1/2 sdt kaldu bubuk', '2 sdm gula', '1 sdt garam']"
resep-24976090,cumi,Cumi laut pedas ala meldi,"['500 gram cumi (buang tinta, mulut dan plastik cumi)', '500 ml Air (untuk merebus cumi)', '8 cabe hijau keriting', '8 cabe merah keriting', '5 cabe setan', '8 bawang merah', '4 bawang putih', 'Secukupnya garam', 'Secukupnya gula', 'Secukupnya penyedap rasa', 'Secukupnya saus tiram', 'Sedikit minyak']"
resep-24967229,cumi,Cumi Kuah Hitam Pedas Khas Tuban,"['500 gr cumi2 ukuran sedang, bersihkan, tintanya biarkan', '1 buah tomat merah ukuran sedang', '4 butir bawang merah', '1 siung bawang putih', '1 jempol lengkuas', '1 btg pre kecil', '2 btg daun bunga bawang', '1 lembar daun salam, 1 lembar daun jeruk', '200 ml air', '1 sdm kecap manis', 'Secukupnya minyak goreng, kaldu jamur dan garam', 'Bumbu dihaluskan :', '1 siung bawang putih', '10 buah cabe rawit']"
resep-24965956,cumi,Gulai Cumi Bunting,"['1/2 kg cumi-cumi ukuran sedang, bersihkan isi perut dan kulit luarnya', '1 buah jeruk nipis, ambil airnya', '2 sdt garam/secukupnya', 'Bahan isian', '3 buah tahu putih', '1 batang daun bawang', '1/2 sdt lada bubuk', '1/2 sdt garam', '1/4 sdt kaldu bubuk', 'Bumbu halus', '10 cabe merah', '5 cabe rawit', '6 siung bawang merah', '4 siung bawang putih', '2 ruas jari kunyit', '1 ruas jari jahe', '2 buah kemiri', '1 sdt lada bubuk', '1/2 sdm ketumbar bubuk', 'Bahan lainnya', '200 gr kentang, potong memanjang', '200 ml air', '200 ml santan', '2 batang serai, geprek', '2 ruas jari lengkuas, geprek', '1 lembar daun salam', '5 lembar daun jeruk purut, sobek-sobek', 'Secukupnya minyak untuk menumis']"
resep-24956564,tahu,Tahu Telor,"['3 butir telur, kocok lepas', '1/2 kotak tahu putih besar (bebas pake tahu apa aja)', 'Secukupnya bumbu pecel atau gado2 instan (resep bumbu kacang dibawah kl mau bikin sendiri ya)', 'Secukupnya toge, rebus sebentar saja', 'Secukupnya potongan timun', 'Secukupnya bawang goreng untuk taburan']"
resep-24984371,tahu,Tahu Goreng Ketumbar,"['4 bh Tahu Putih', '2 Siung Bawang Putih', '1 sdt Ketumbar', 'secukupnya Garam, Penyedap Rasa', 'secukupnya Air bersih', 'secukupnya Minyak Goreng']"
resep-24969118,tahu,Tofu Egg Roll,"['2 Tahu putih uk besar', '50 gr ayam (optional)', '1 butir telur', '1 sdm tepung terigu', '1 sdm maizena ROSE BRAND', '1 wortel ukuran kecil iris bulat swm', '1 daun bawang', '3 bawang putih haluskan', '3/4 sdt merica bubuk', '2 sdm saus tiram', '1 sdm minyak wijen', '1 sdm kecap asin', '1 sdt gula pasir', 'garam (bila perlu)', 'penyedap Asatu ROSE BRAND', 'Bahan Kulit', '1 butir telur', '1 kuning telur', '1/2 sdt garam', '1/4 sdt gula pasir rose brand', '1/2 sdt kaldu bubuk', '60 gr tepung terigu', '15 gr tepung maizena rose brand', '15 ml minyak goreng rose brand', '180 ml air', 'secukupnya pewarna kuning']"
resep-24984423,tahu,Tahu Balado,"['4 buah Tahu', '1 buah Tomat', '5 siung Bawang merah', '3 siung Bawang putih', '5 buah Cabe merah', '2 lembar Daun jeruk', '1/2 sdt Garam', '1/2 sdt Gula', '1 sdt Kecap manis', '1/4 sdt Penyedap rasa', 'secukupnya Minyak goreng']"
resep-24964585,tahu,Tahu Chili Padi,"['12 kotak tahu putih', '100 gr cabe rawit', '5 siung bawang merah', '3 siung bawang putih', '1 sdm tepung terigu serba guna', '2 sdm tepung maizena rose brand', '1/2 sdt gula pasir rose brand', '1 sdt garam', '1 sdt kaldu bubuk', '1 sdm margarin rose brand']"
resep-24973708,tempe,Sambel lado kentang dan tempe iris cabe,"['1 batang Tempe', '2 pcs Kentang', 'Cabe merah 1/2 ons (sesuai selera)', '4 pcs Bawang merah', '2 pcs Bawang putih', '1 butir tomat besar', 'secukupnya Minyak goreng garam dan gula', 'Cabe hijau 2 pcs + cabe merah 2pcs (di iris)']"
resep-24966104,tempe,Kering Tempe Kacang Teri,"['2 papan tempe', 'secukupnya teri', 'secukupnya kacang tanah', 'Bawang merah', 'Bawang putih', 'Merica', 'Daun jeruk', 'Gula merah', 'Garam', 'Penyedap rasa']"
resep-24959989,tempe,Tempe bacem basah,"['3 bungkus tempe', '1 1/2 butir gula merah', '3 butir bawang putih', '6 butir bawang merah', 'secukupnya ketumbar', '5 biji kemiri', '2 lembar daun salam', 'garam', 'kaldu bubuk', '4 mata asam jawa']"
resep-24983854,tempe,Jangan lombok tempe,"['1/2 Papan Tempe Semangit potong sesuai selera', '6 bh Cabe Merah', '6 bh Cabe Hijau', '10 bh Cabe Rawit', '2 bh Tomat', '3 bh Bawang Merah', '3 bh Bawang Putih', '1 bh kemiri', '1/2 sdt Garam', '1/2 sdt Lada', '1/2 sdt Micin', '1 Bks royco', 'Sejumput ketumbar', '1 sdt ebi', '5 SDM Minyak goreng', '1 gelas air', '1 bh santan + air 1 gelas', '2 lembar daun salam &amp; lengkuas']"
resep-24958576,tempe,Tempe orek versi sat set,"['2 papan tempe iris tipis korek api', '10 Bawang merah iris tipis', '3 Bawang putih iris tipis', 'secukupnya Cabe merah iris', '2 bulat Gula merah hancurkan/iris', '3 sdm kecap manis', '2 sdm air asam jawa', 'Secukupnya lada', 'secukupnya Garam', '4 daun jeruk', '1 lembar daun salam', '2 sdm Air']"
resep-24972346,sayuran,Capcay Sayur,"['250 gr dada ayam', '4 bakso sapi', '1/2 siung bawang bombay (saya pakai ukuran kecil)', '2 siung bawang putih', '50 gr brokoli', '2 buah wortel', '1/4 kol putih', '1 ikat pakcoy', '4 buah jamur kuping', '1 tomat merah', 'secukupnya Daun bawang', 'secukupnya seledri', '1 bungkus saus tiram', '3 sdm saos sambal', '1 sdm kecap manis', '2 sdm minyak wijen', 'secukupnya Merica bubuk', 'secukupnya Garam', 'secukupnya Kaldu bubuk', '1 sdm tepung maizena']"
resep-24984291,sayuran,Sayur gori sayur tewel,"['3 bungkus gori/nangka muda', '3 lembar daun salam', '1 bungkus santan kara', 'Air untuk merebus', 'Bumbu halus :', '7 butir bawang merah', '4 butir kemiri']"
resep-23968910,sayuran,Sayur Urap,"['3/4 btr kelapa', 'Sesuai selera toge', 'Secukupnya kangkung', 'Secukupnya kacang panjang', '5 buah cabai merah', '4 buah cabai rawit', '8 siung bawang merah', '6 siung bawang putih', 'Sejempol kencur', '1 bks terasi', '4 lembar daun jeruk (buang tulangnya)', 'Secukupnya garam,gula dan penyedap rasa', '2 sdm minyak goreng', '50 ml air']"
resep-24973574,sayuran,Tumis kangkung,"['250 gram kangkung', '3 siung bawang putih, iris', '2 siung bawang merah, iris', 'secukupnya Gula pasir', 'secukupnya Garam', 'secukupnya Minyak goreng', 'secukupnya Air', '1/2 sdm Kecap Inggeris Asia Harum Sedap', '1/2 sdm kecap manis', '1/2 sdm saus tiram']"
resep-24954919,sayuran,Cap Cay Goreng Chinese,"['150 gr dada ayam fillet', '1 buah wortel', '100 gr kembang kol', '150 gr pakcoy', '150 gr sawi putih', '2 batang daun pre', '5 siung bawang putih', '1 buah bawang bombay sedang', '2 sdm kecap asin', '1 sdm kecap ikan', '2 sdm saos tiram', '1/2 sdt merica', '1 sdt gula pasir', '1/3 sdt garam', '1/2 sdt royco ayam', '1/2 sdt micin', '1/2 sdt minyak wijen', 'secukupnya minyak goreng', 'secukupnya air panas', 'secukupnya larutan tepung maizena']"
resep-24973442,telur,Telur Saur Tiram Devina Hermawan,"['3 butir telur', '1 1/2 sdm tepung terigu protein sedang', '1/2 sdt kaldu ayam bubuk', '2 sdm air', '3 siung bawang putih', '1/4 buah bawang bombai', '1 batang daun bawang', '2 sdm saus tiram', '1 sdm kecap asin', '1 sdt minyak wijen', '2 sdt gula pasir', '1/2 sdt kaldu jamur', '1 1/2 sdm maizena', '250 ml air', 'nasi putih']"
resep-24983960,telur,Nasi Goreng Telor Dadar,"['3 Porsi Nasi Dingin', 'Sawi &amp; Bakso Ikan (Opsional)', '3 butir Telur', '2 batang Daun Bawang', 'Secukupnya Garam', 'Secukupnya Lada', 'Secukupnya Ketumbar Halus', '2 siung Bawang Merah', '3 siung Bawang Putih', '3 butir Kemiri', 'Secukupnya Kecap Ikan', 'Secukupnya Kecap', 'Secukupnya Kecap Asin']"
resep-24969508,telur,Sosis telur tanpaayam,"['4 telur ayam', 'Secukupnya wortel parut', '2 siung bawang putih parut', '1 batang daun bawang', 'Secukupnya sea salt/garam', '1/4 sdt lada bubuk', 'Secukupnya ketumbar bubuk', 'Secukupnya plastik unyil', 'Secukupnya minyak kelapa']"
resep-24983908,telur,Telur Santan Keju Susu Kukus MPASI,"['1 butir Telur ayam', '20 ml Sari pati santan', '30 ml Air matang', '10 g Keju parut', '30 ml Susu UHT / Asi', '15 g Gula aren', '1 cup kecil anchor butter', '1 sendok oatmeal']"
resep-24960564,telur,Telur Balado,"['12 butir telur', '10 Bawang merah', '4 Bawang putih', '4 Cabe merah besar', '20 Cabe merah keriting', '10 Cabe rawit Merah (opsional)', '1 buah Tomat', '1 batang Sereh', '2 daun salam', '1 sdt garam', '1 sdt kaldu jamur', '100 ml air']"
resep-24977867,kue bolu,Set jajanan pasar bolu pandan sukade risol sosis spicy mayo nagasari hunkwe nangka mutiara,"['150 gram tepung terigu protein sedang', '1,5 sdm tepung tapioka', '2 sdm minyak goreng bersih', '1/2 sdt garam halus', '1 butir telur ayam', '350 ml air', '6 buah sosis', '150 gram mayonnaise', '40 gram saus sambal', 'Secukupnya tepung panir', 'Secukupnya tepung terigu larutkan dengan sedikit air', 'Secukupnya minyak untuk menggoreng', '2 butir telur ayam', '100 gram gula pasir', '1/2 sdt sp', '120 gram tepung terigu protein sedang', '60 ml susu cair full cream', '70 ml minyak goreng bersih', '1 sdt pasta pandan', '2 sdm sukade', '80 gram tepung hunkwe', '100 gram gula pasir', '1/2 sdt garam halus', '1/2 sdt vanili bubuk', '650 ml santan', '50 gram sagu mutiara', '4 buah nangka potong-potong']"
resep-24467036,kue bolu,Bolu Pisang Kepok,"['3 buah pisang kepok', '2 butir telur', '85 gram gula', '200 gram terigu', '1/2 sdt vanila', '1/2 sdt kayu manis bubuk', '1/2 sdt baking soda', '1/2 sdt baking powder', '50 ml susu cair', '120 gram mentega (butter)', '50 gram keju (potong dadu, opsional)', 'Irisan pisang', 'Chocochip (white and chocolate)']"
resep-24983114,kue bolu,Bolu kukus,"['4 butir telur', '200 g gula pasir', '1 sdt vanili', '1/2 sdt garam', '1 sdt SP', '250 g tepung terigu', '1 bungkus susu bubuk sachet (aku pakai dancow)', '200 ml susu cair uht', '140 ml minyak goreng', '1 sdt baking powder']"
resep-24982452,kue bolu,Onbitjkoek Roll Cake,"['3 butir kuning telur', '2 butir telor utuh', '60 gr gula palm', '35 gr tepung terigu protein sedang', '1/4 sdt kayu manis bubuk', '1/4 sdt bumbu spikuk', '35 gr butter lelehkan, biarkan suhu ruang', '15 gr almond slice untuk topping', '3 sdm Butter cream untuk olesan']"
resep-24982678,kue bolu,Bolu Ngeprul,"['150 gr gula pasir', '1 sdt sp', '4 butir telur ayam', '160 gr tepung terigu', '20 gr maizena', '1/2 sdt bp', '1 sdm susu bubuk', '1 sdt vanili cair/ vanili bubuk', 'Sejumput garam', '150 ml minyak sayur']"
resep-24984503,brownies,Banana Choco brownies pisang,"['190 gram tepung terigu', '50 gram coklat bubuk', '1 sdt soda kue', '1/4 sdt BP', '1/2 sdt garam', '350 gram pisang, lumatkan (saya pisang marlin/kecil)', '150 gram gula pasir (jika ingin lebih manis bisa 170 gram)', '2 butir telur', '80 ml minyak sayur']"
resep-24978620,brownies,Fuggy Brownies Telur Shiny Crust by Ibnu Kitchen,"['75 gr Dcc', '25 gr Margarin', '20 ml minyak sayur', '1 butir Telur', '70 gr gula halus', '50 gr tepung terigu', '17 g cokelat bubuk', 'sesuai selera Toping']"
resep-24979431,brownies,Brownies kukus stroberi pop ice,"['3 butir telur', '90 gr gula (menurutku ini kemanisan jd yg ga suka manis,kurangin aja)', '80 gr tepung terigu', '2 sct pop ice stroberi', '1/2 sdt tbm', '1 sdt baking powder', '107 gr coklat batang stroberi (ini sisaan jd seadanya)', '100 gr mentega']"
resep-24978336,brownies,Brownies Kukus Ala Amanda,"['60 g Dark chocolate', '80 g Margarin', '125 g Gula pasir', '3 butir Telur', '1/2 sdt sp', '65 g Tepung terigu', '20 g Cokelat bubuk', '1/4 sdt garam', '1/2 sdt Baking powder', '1/2 sdt vanili bubuk', '1 sdt pasta coklat', '1 sachet SKM coklat', 'sesuai selera butter cream', '2 sdm Meises coklat warna-warni', '8 buah Permen yupi']"
resep-24978370,brownies,Brownies Cookies,"['170 gr dark cooking chocolate', '150 gr margarin Rose Brand', '50 gr butter', '4 butir telur', '240 gr gula pasir Rose Brand', '1/2 sdt vanili bubuk', '110 gr tepung terigu protein sedang', '50 gr cokelat bubuk', '50 gr cokelat cincang (saya ganti choco chips)', '4 gr kopi hitam instan (saya skip)', 'Sejumput garam', '100 gr keju cheddar parut', '40 gr margarin Rose Brand', '15 gr butter', '35 gr brown sugar (saya skip)', '35 gr gula pasir Rose Brand', '1/2 sdt vanili bubuk', '1 butir telur ukuran kecil', '80 gr tepung terigu protein rendah', '1/4 sdt soda kue', '55 gr choco chips', 'Sejumput garam']"
resep-24975685,cheesecake,Marble Cheesecake Merah Putih,"['130 gr susu cair', '40 gr butter', '125 gr krim keju (sy pakai keju oles)', '30 gr terigu pro rendah', '15 gr maizena', '3 kuning telur', '1 sdt parutan kulit lemon (sy skip)', '1 sdt vanilla ekstrak', '3 putih telur', '80 gr gula halus', 'Secukupnya air jeruk nipis']"
resep-24971161,cheesecake,Resep Cheese Cake,"['200 gr cream cheese', '200 ml fresh cream', '2 butir telur', '60 gr gula pasir', '3 sdm tepung terigu', '2 sdm air lemon', 'Dasar Kue Opsional', '60 gr biskuit ritz / dll', '30 gr butter']"
resep-24953861,cheesecake,Burnt basque cheesecake,"['450 gr cream cheese (anchor)', '120 gr gula', '3 butir telur', '1 sdt vanilla paste (good vanilla)', '2 sdt lemon juice', '20 gr tepung maizena', '270 gr dairy whipping cream (greenfields)']"
resep-24967016,cheesecake,Cheesecake Redvelvet GAS,"['1 Bks Oreo redvelvet', '60 gr keju parut', '450 ml susu', 'Secukupnya larutan maizena']"
resep-24259173,cheesecake,Burnt Basque Strawberry Cheesecake,"['2 bungkus Prochiz spread', '2 butir telur ayam', '3 sdm tepung tapioka', '5 sdm gula pasir, haluskan', '80 ml yoghurt Cimory squeeze original', 'Sejumput vanilla powder (me: L&#39;arome)', '200 gr strawberry segar', '2 sdm gula pasir / sesuai selera']"
resep-24984553,gorengan,Lumpia ayam ala bocil,"['1 buah paha ayam ukuran besar', '1 butir telur bebek', '1 siung bawang putih ukuran besar (cincang)', '1 SDM tepung tapioka', '1 genggam macaroni (rendam air panas hingga empuk)', '1 sdt garam', '1/4 sdt kaldu jamur', '1/4 sdt gula', '1/4 sdt merica bubuk', 'Sedikit saos tiram', '1/2 buah wortel paru', 'Sedikit daun bawang (iris)', 'Sedikit jamur kuping (cincang)', '15 lembar kulit lumpia', '15 lembar daun pisang kotak kotak']"
resep-24983847,gorengan,Pisang coklat kulit lumpia pisang aroma mudah,"['1 bungkus kulit lumpia', '1 buah pisang matang (bisa pisang nangka/tanduk)', 'Secukupnya coklat tabur atau ceres', 'Secukupnya Minyak untuk menggoreng', '1 sdt tepung beri air sedikit (utk perekat kulit)']"
resep-24983741,gorengan,Gorengan Apel Rendah gluten vegan tanpa telur,"['1 buah Apel (potong dadu)', '6 sdm Tepung beras', '3 sdm Tepung tapioka', '1/2 sdt Vanilla bubuk', '1/4 sdt Baking powder', '200 ml Air matang', '300 ml Minyak untuk menggoreng']"
resep-24982957,gorengan,Pisang Goreng Wijen Kayumanis,"['1 Bks tepung pisang goreng instan,', '3 bh pisang barangan,', '1 sdt kayumanis bubuk,', '1 sdm wijen hitam dan putih', 'Secukupnya air']"
resep-24972882,gorengan,Menu ultah simpel bakwan mie goreng sambal kacang es gula bali,"['1 bks mie telur', '1 buah wortel', '2 bonggol sawi hijau', '4 buah bakso sapi', '3 siung bawang putih iris tipis', '2 siung bawang merah iris tipis', '3 sdm kecap manis', '1 sdt kaldu bubuk ayam', '1 sdt garam halus', '1/2 sdt lada bubuk', '100 ml air', '3 sdm minyak untuk menumis', '4 sdm kacang tanah', '2 buah cabai rawit merah', '1 buah cabai merah keriting', '1 siung bawang putih', '150 ml air matang', '1/2 sdt garam halus', '1 sdm gula merah', '1 sdm gula pasir', '1/2 sdm cuka', '250 gram tepung terigu protein sedang', '2 sdm tepung tapioka', '2 sdm tepung maizena', '2 sdm margarin', '1 sdt kaldu bubuk ayam', '1/2 sdt garam halus', '1/4 sdt lada bubuk', '1/2 sdt kunyit bubuk', '1 sdt bawang putih bubuk', 'Secukupnya air', '2 buah wortel', '4 lembar kol', '2 batang daun bawang', 'Secukupnya simpel sirup', 'Secukupnya pewarna merah', 'Secukupnya jeruk nipis', 'Secukupnya es batu']"
resep-24983111,donat,Donat Viral No Mixer No uleni Hasilnya empuk mengembang gemoy,"['300 g tepung terigu protein sedang', '200 ml UHT', '120 g kentang kukus dihaluskan', '1 butir telur', '50 g gula pasir', '50 g margarin', '1/2 sdt ragi instan']"
resep-24967353,donat,Donat kampung tanpa telur,"['250 gr tepung terigu cakra', '3 sdm gula pasir', '1 sdm ragi', '1 sdm susu bubuk', '1 sdm margarine', 'sedikit Garam', 'Air dingin dikira kira']"
resep-24977386,donat,Donat Kentang Merdeka,"['400 gr Tepung protein tinggi (me: cakra kembar)', '100 gr Tepung protein sedang (me: segitiga biru)', '50 gr Susu bubuk', '100 gr Gula pasir', '10 gr Ragi instan', '200 gr Kentang kukus yang sudah dihaluskan', '100 ml Susu full cream dingin (bisa juga diganti dengan air dingin)', '75 gr Mentega', '1/2 sdt Garam', '4 tetes Pewarna merah', 'Secukupnya Minyak goreng, untuk menggoreng donat', 'Secukupnya DCC Putih', 'Secukupnya Keju']"
resep-24981817,donat,Donat Pisang Wijen,"['250 g pisang (saya pakai pisang Saba Bandung frozen, 275 g)', '50 g gula pasir', '1/2 sdt vanila bubuk', '1/4 sdt garam halus', '100 g tepung ketan putih (saya: 190 g)', '5-10 tetes pewarna makanan kuning/oranye (optional)', 'Secukupnya wijen']"
resep-24982685,donat,Donat,"['250 gr terigu', '90 ml air', '1 sdt ragi', '2 sdm gula pasir', '1/2 sdt garam', '2 SDM mentega']"
resep-24953889,siomay,Siomay,"['200 gram ayam fillet, bagian paha, haluskan', '100 gram udang, haluskan', '200 gram ikan tenggiri, haluskan', '1 buah labu siam, ukuran kecil. Parut halus, peras saring', '4 siung bawang putih, haluskan', '3 batang daun bawang. Iris halus, tumis dengan sedikit minyak', '1 butir telur', '1/2 sdt merica', '2 sdm gula pasir', '2 sdt garam', '1 sdm kecap asin', '3 sdm minyak goreng', '170 ml air es', '220 gram tepung tapioka', '40 gram terigu protein sedang', '100 gram kacang tanah goreng', '5 siung bawang putih, iris-iris', '7 siung bawang merah, iris-iris', '3 butir kemiri, geprek', '5 biji cabe merah, potong-potong', '80 gram gula merah', '2 lembar daun jeruk', '500 ml air', '3 sdm saos sambal', '1 sdm tepung beras, larutkan dengan sedikit air', '1 sdt garam', '80 ml minyak']"
resep-24977202,siomay,Kulit Siomay Dimsum,"['250 g Tepung terigu protein sedang', '1 SDM tepung tapioka', '1/2 SDT garam', '1 SDM Minyak goreng', '150-180 ml Air panas baru mendidih', 'Secukupnya tepung maizena untuk taburan']"
resep-24977793,siomay,Siomay Ayam Bandung Bumbu Kacang,"['500 gr ayam paha fillet', '90 gr labu siam (berat setelah diperas) - aku skip', '30 gr putih telur (setara 1 pcs putih telur)', '170 ml es batu / air es', '5 siung bawang putih', '3 batang daun bawang, iris tipis', '2 sdm kecap ikan', '2 sdm gula pasir', '2 sdt garam', '2 sdt penyedap / kaldu ayam bubuk', '1/2 sdt lada', '220 gr tepung tapioka', '40 gr tepung protein sedang', 'Secukupnya kulit dimsum / pangsit / siomay', '100 gr kacang tanah, goreng', 'Secukupnya minyak goreng, untuk menggoreng', '7 siung bawang merah', '5 siung bawang putih', '10 pcs cabe merah keriting', '3 pcs kemiri', '2 pcs cabe rawit merah', '80 ml minyak', '80 gr gula merah', '3 sdm air asam jawa', '1 sdm kecap manis', '1 sdt garam', '3 lembar daun jeruk', '3 sdm saus sambal', '550 ml air', '1 sdm tepung beras']"
resep-24940916,siomay,Siomay Ayam Tahu Bayam Brazil,"['200 gr Fillet Ayam', '2 bh Tahu Putih', '1 sdm Bawang Goreng', '3 Siung Bawang Putih', '1 genggam Bayam Brazil', '1 btr Telur Ayam', '1 sdm Tepung Maizena', '2 sdm Tepung Tapioka', '2 sdm Saos Tiram', '1 sdm Kecap Inggris', '1 sdt Lada bubuk', 'secukupnya Gula, Garam, Kaldu Jamur', 'secukupnya Kulit Dinsum']"
resep-24951590,siomay,Siomay,"['5 btr telur', '1/2 kg kentang', '1 bh kol utuh', '14 bh tahu', '200 gr terigu', '1 sachet Royco Ayam', '1 sdt garam', '5 siung bawang putih, dihaluskan', '1,5 gelas belimbing air', '200 gr tapioka', '1/4 kg kacang tanah', '1 sdt garam', '5 siung bawang putih', '50 gr gula merah', '600-800 ml air rebusan aci']"
resep-24972387,risoles,Risoles Sat Set isi Sayuran,"['15 sendok makan Tepung Terigu', '2 sendok makan Tepung Tapioka', '1 sachet Susu Dancow fullcream', '1 butir Telur Ayam', '1/4 sendok teh Garam', '2 sendok makan Minyak Goreng', '2 gelas Air / Secukup nya', '2 buah Kentang', '2 Buah Wortel', '200 ml Susu UHT full cream', '1 buah Telur Ayam', '3 buah Bawang Putih', '2 buah Bawang Merah', '1 sendok makan Tepung terigu/maizena untuk pengental/penyatu isian', '2 sendok makan tepung terigu untuk mencelupkan risoles yg sudah di gulung', '1/2 kg tepung roti/panir', '1 sendok teh kaldu ayam', '1/2 sendok teh lada bubuk']"
resep-24953802,risoles,Risol mpasi tanpa isi,"['1 gelas Santan', '1 bh Telur', 'Terigu 3 sdm atau tepung mocaf', '1 sdm Tepung ketan atau tapioka', 'secukupnya Garam']"
resep-24947253,risoles,Risol Bihun Mini Risol hap,"['1 lempeng bihun (rendam air panas)', '1 bks kulit lumpia (aku pakai merk finna)', '1 bh wortel (parut/potong sesuai selera)', '3 bh telur rebus (potong memanjang dan tipis)', '1 btg daun bawang (potong tipis)', '50 cabai rawit kecil (boleh skip)', '5 siung bawang merah', '3 siung bawang putih', '3 buah udang kering/ebi', '1/4 sdt lada bubuk', 'secukupnya garam dan kaldu bubuk']"
resep-24943525,risoles,Risol Ayam Suwir Sambal Matah,"['10 sdm tepung terigu', '1 sdm tepung maizena', '1 butir telur', '3 sdm minyak goreng', '200 ml susu cair', '1/2 sdt garam', '250 g dada ayam suwir', '1 buah kentang potong kotak-kotak kecil', '1 pcs sosis potong kotak-kotak kecil', '20 siung bawang merah', '10 siung bawang putih', '20 cabe rawit', '3 batang serai', '5 lembar daun jeruk', '1 sdt terasi', 'Secukupnya jeruk nipis', 'Secukupnya garam, gula dan penyedap rasa', 'Secukupnya larutan tepung terigu', 'Secukupnya tepung roti']"
resep-24942644,risoles,Risoles mochi coklat pisang,"['200 g BOLA deli Tepung ketan', '120 g BOLA Deli Gula Halus', '1 sdt garam', '1 sdt essens banana', '1 sdm butter', '450 ml susu uht', '80 g BOLA Deli Tapioka', '250 g BOLA Salju Tepung Terigu', '20 g coklat bubuk', '60 ml minyak goreng', '2 btr telur', '1/2 sdm garam', '1 bks vanilla sachet', '600 ml susu cair', 'Secukupnya Tepung panir putih', 'Secukupnya Coklat bubuk', 'Secukupnya Meises coklat', 'Secukupnya Pisang raja', 'Secukupnya 3 btr telur']"
resep-24982148,pukis,Pukis Kayu Manis Sourdough,"['140 gr sourdough starter (lihat resep)', '225 gr tepung terigu pro tinggi', '10 gr susu bubuk', '5 gr kayu manis bubuk', '125 gr gula pasir', '200 ml air / susu cair / santan', '3 butir telur', '40-50 gr gula pasir (sesuaikan selera manis)', '1/2 sdt garam', '30 gr margarin, lelehkan']"
resep-24969135,pukis,Kue Pukis Original,"['2 butir Telur', '170 g Gula pasir', '250 g Tepung terigu', 'Sejumput Garam', '1 sdt Ragi instan', '1 sachet SKM', '370 ml Santan', '100 g Margarin cair', '20 g Meses cokelat', '20 g Keju parut']"
resep-24949392,pukis,Pukis menul anti gagal,"['4 butir telur', '1 kg tepung terigu cakra', '600 gram gula pasir', '4 sachet SKM (opsional)', '1 sachet ragi instan /fermipan', '400 gram margarin', '1 sdt baking powder', '1.340 ml santan hangat /bisa di ganti air hangat', 'Secukupnya pewarna makanan sesuai selera']"
resep-24948758,pukis,Pukis susu,"['6 butir telor', '800 ml susu uht putih,1 kg terigu', '600 gr gula pasir', '150 gr susu bubuk', '3 sendok makan vanilli pasta', '1 sachet fernipan,1 sendok teh garam', '1 sendok makan baking powder', '400 gr butter (200 gr blueband+ 200gr roombutter)', 'Secukupnya potongan nangka untuk topping', 'Secukupnya blueband untuk oles cetakan']"
resep-24947214,pukis,Pukis toping keju kismis nangka choco chips,"['1/2 sdt Garam', '150 gr gula', '3 telur', '1/2 cepuk vanili', '250 gr terigu', '50 gr margarin di lelegkan', '300 ml susu', '1 sdt fermipan', '25 gr tepung', '1 sdt gula', '50 ml air hangat', 'secukupnya Keju parut', 'secukupnya Kismis', 'secukupnya Meses']"
resep-24978632,cilok,Bumbu saus Kacang Bisa untuk cilok Pecel dll,"['100 gr kacang tanah', 'Secukupnya minyak ROSE BRAND untuk menggoreng kacang dan bawang', '3 bh cabe merah (aku skip. biar anak-anak juga bisa pake saus kacang)', '4 bh bawang merah', '4 bh bawang putih', '2 lembar daun jeruk', 'Secukupnya gula merah', 'Secukupnya garam, kaldu bubuk jamur', 'Secukupnya air (sebanyak yang dibutuhkan)', 'Secukupnya gula ROSE BRAND', 'Secukupnya kecap manis', 'secukupnya tepung maizena ROSE BRAND + air (untuk pengental)', 'Resep cilok', 'Resep pecel sayur']"
resep-24968278,cilok,Cilok kenyal seharian takaran sendok,"['14 sdm tepung terigu', '14 sdm tepung kanji(tapioka)', '2 batang daun bawang', 'secukupnya garam', '1 bubgkus penyedap rasa/ masako', '3 siung bawang putih halus']"
resep-24923891,cilok,Cilok Aci Bumbu Kacang,"['5 sdm tepung terigu', '5 sdm tepung kanji', '2 siung bawang putih', '1/2 sdm penyedap', '1 sdt garam', '100 ml Air']"
resep-24969912,cilok,Cilok Ayam Tetap Empuk Walaupun Udah Dingin,"['150 gr tepung terigu', '300 ml air', '2 bawang putih haluskan (aku pake 1 sdt bawang putih bubuk)', 'secukupnya garam', '1/4 sdt lada bubuk', '1/2 sdt ketumbar bubuk', 'Secukupnya kaldu bubuk', 'Seujung sdt Gula ROSE BRAND', '180 tepung tapioka Cap Pak Tani', 'secukupnya daun bawang (aku skip karna anak-anak nggak suka)']"
resep-24977928,cilok,Cilok kuah goang,"['200 gram tepung terigu', '200 gram tepung tapioka/sagu', '270 ml air panas mendidih', '1 sdt garam', '1 sdt kaldu ayam', '1/2 sdt lada bubuk', '2 batang bawang daun', '1 lt air', '4 siung bawang putih', '5 bh cabe merah keriting', '10 bh rawit merah', 'Seruas kencur', '5 lembar Daun jeruk', '2 batang Daun bawang', '1 sdt saos tiram', '2 sdm saos sambal', 'Secukupnya Garam, kaldu ayam, sasa, sedikit gula pasir']"
resep-24981482,sop,Sop Iga Berempah,"['3 butir Kapulaga', '3 butir cengkeh', '1/4 butir Pala, memarkan', '1 batang Kayumanis', '1 Jempol Jahe, geprek', '2 lembar Daun Salam', '1 btg Daun Bawang', '1 btg Daun seledri', '1 sdm Minyak goreng', '4 siung, iris Bawang merah', '5 siung, memarkan Bawang putih', '1/2 Butir Bawang Bombay, potong 6 bagian', '500 gr Iga', '1-11/2 sdm Garam, sesuai selera', '1 sdt Lada bubuk', '1/2 sdt Gula pasir', '1 buah, potong 4 bagian Tomat', '2 buah, potong besar Wortel', '2 buah, potong besar Kentang', '2 sdm Bawang Goreng', '1500 ml Air']"
resep-24060627,sop,Sop Iga Kayumanis,"['250 gr tulang iga, rebus, ambil kaldunya', '250 gr daging, rebus hingga empuk, sisihkan. Jadikan satu dengan kaldu tulang', '1.5 liter air', '1,5 sdt garam', '1 sdt merica bubuk', '2 buah wortel, iris', '1 buah kentang, potong kotak', '8 batang buncis, iris memanjang', '7 siung bawang merah', '5 siung bawang putih', '2 potong kecil kayu manis', '10 buah cengkeh', '2 potong jahe', '2 buah kapulaga', '1 sdt bawang putih goreng', '1 sdt gula pasir', '1 mangkok sambal kecap', '1 batang daun bawang, iris', '1 buah tomat merah, iris', '2 sdm bawang goreng']"
resep-24983629,sop,Sup Tulang Rempah ala Melayu,"['1 kg tulang sapi', '2 buah wortel potong kotak besar', '1/2 kg kentang potong kotak besar', '1.5 liter air', '3 sdm bawang goreng', '5 tangkai daun bawang diiris', '2 buah tomat potong besar', '1.5 sdt garam (selera)', '1/2 sdt kaldu bubuk', '7 siung bawang putih', '2 ruas jari jahe', '2 biji pala utuh', '7 biji cengkeh', '10 cm kayu manis ukuran kecil', '1/4 sdt lada bubuk', '1 mangkuk kecil irisan dan bawang', '3 sdm bawang goreng', '1 mangkuk sambal kecap']"
resep-24981758,sop,Sop Kambing Creamy,"['1 kg kambing plus tulang', '1 L Air', '2 jempol jahe', '2 jempol lengkuas', '1 sdm garam', '15 butir bawang merah', '20 butir bawang putih', '6 butir kemiri', '1/2 jempol jahe', '1 buah biji pala sangrai', '12 butir cengkeh', '1 batang kayu manis', '2 buah pekak', '3 batang sereh', '12 lembar daun jeruk', '6 lembar daun salam', '1 jempol lengkuas', '2,2 liter air', '1 set Bumbu halus yang sudah ditumis', '3 sdt kaldu sapi bubuk', '1-2 sdt garam', '2 sdt penyedap', '400 ml susu evaporasi (masukin di akhir) jangan ikut di presto', 'Potongan Tomat secukupnya', 'secukupnya Sambel rebus', 'secukupnya Daun bawang - Seledri', 'secukupnya Jeruk limau', 'secukupnya Emping']"
resep-24982137,sop,Sup ayam jagung,"['250 gram ayam fillet', '2 buah telor ayam (saya pakai telor omega)', '1 buah wortel', '4 potong tahu putih', '1 buah jagung pipil', '2 sdm minyak goreng', '1,5 liter air', '2 siung bawang putih', '1 batang daun bawang', '1 sdm minyak wijen', '2 sdm saos tiram', 'secukupnya Garam', 'secukupnya Penyedap', 'secukupnya Lada bubuk']"
resep-24982267,soto,Soto Bandung,"['400 gr daging sapi', '1 liter air', '1 buah lobak (saya labu siam)', '1 batang daun bawang', '1 batang seledri', '3 sdm minyak goreng', 'Secukupnya kedelai goreng (saya skip)', '1 sdt merica', '4 buah bawang merah', '4 buah bawang putih', '3 buah bawang merah (iris tipis)', '3 buah bawang putih (iris tipis)', '3 cm jahe (digeprek)', '2 batang sereh', '1/2 buah pala', '3 lembar daun salam', '2 lembar daun jeruk purut', '3/4 sdt garam', '1/2 sdt penyedap rasa']"
resep-24980457,soto,Soto tangkar,"['1 bungkus kikil', '6 siung bawang merah', '4 siung bawang putih', '2 butir kemiri', '5 buah cabe merah', '1 jempol jahe', '1 ruas kunyit', '1 ruas lengkuas', '1 SDM ketumbar', '1 sdt pala bubuk', '1/2 sdt merica bubuk', '1 batang sereh', '2 lembar daun salam', '3 lebar daun jeruk', '2 cm kayu manis', '2 butir Cengkeh', '1 buah Tomat', '1 batang daun bawang', '125 mili susu uht full cream / santan', '1/2 bungkus royco', '1/2 sdm garam', '1/4 pcs gula merah', '2 sdm kecap manis']"
resep-24730112,soto,Sambal untuk soto,"['11 cabai keriting', '6 cabai rawit oranye', '3 siung bawang putih', '1/4 sdt garam', '2 butir kemiri, sangrai', 'Secukupnya air untuk merebus']"
resep-24959742,soto,Soto Segar Ala Soto Kwali,"['1 kg dada ayam fillet', '5 bh ceker ayam', '1.5 liter air', '2 sdm bumbu putih', '1 sdm ketumbar bubuk', '1 sdt pala bubuk', '2 batang sereh', '3 lembar daun salam', '3 lembar daun jeruk', '2 bh bunga lawang/pekak', '7 bh cengkeh', '3 bh kapulaga', '2 ruas jari laos', '1 ruas jari jahe', 'Secukupnya gula pasir, garam dan kaldu bubuk bila suka', 'Secukupnya nasi putih', 'Secukupnya toge pendek', 'Secukupnya Bawang putih goreng', 'secukupnya Seledri', 'Sambal dan jeruk nipis']"
resep-24978815,soto,Soto Lamongan soto kuah kuning tanpa santan,"['500 gr ayam fillet', '6 siung bawang merah', '5 siung bawang putih', '3 sdm ketumbar bubuk', '1/2 sdm merica bubuk', 'Seruas jahe', 'Seruas lengkuas', '1/2 batang serai', '1 sdm kecap', '2 sdm bawang goreng', 'Secukupnya garam', '1/2 sdm gula pasir', '1 panci air', '1 ruas kunyit']"
resep-24930221,semur,Semur Kikil Sapi,"['1/2 kg kikil sapi', '1/2 buah bawang Bombay,iris kasar', '2 daun salam', '1 buah kapulaga', '3 bunga lawang', '2 butir cengkih', '4 cm kayumanis', '2 cm jahe,keprek', '1 gr garam', '5 SDM kecap manis', '1 SDM saus tiram', '1 sdm gula merah sisir', '5 siung bawang merah', '5 siung bawang putih', '4 butir kemiri', '1 buah buah pala, geprek atau boleh juga pakai bubuk pala']"
resep-24964196,semur,Semur Betawi,"['500 gr paha ayam', '4 butir telur ayam', '250 ml air', '8 siung bawang merah', '3 siung bawang putih', '2 buah kemiri', '1/2 sdt merica', '1 sdm ketumbah', '1 buah kunyit', '1 ruas jari jahe', '2 batang sereh', '2 lembar daun salam', '3 lembar daun jeruk', '1 ruas jari langkuas', '2 batang kayu manis', '3 butir cengkeh']"
resep-24962771,semur,Semur Ayam Praktis,"['500 g Dada ayam', '1 bungkus (30 g) Bumbu praktis marinasi', '300 ml Air', '2 sdm Kecap manis', '1 sdm Minyak goreng', '2 lembar Daun salam', '2 lembar Daun jeruk', '2 cm, memarkan Lengkuas', '1 sdt Garam', '2 sdt Gula', '1 cm, memarkan Jahe', '1 sachet (5 g) Bawang putih bubuk']"
resep-24957856,semur,Semur Tahu Telor,"['5 butir telur ayam', '5 buah tahu putih', '2 lembar daun salam', '2 cm lengkuas, geprek', '2 batang serai, geprek', '2 sdm kecap manis / sesuai selera', '1 sdm saus tiram', '1/2 sdt gula merah, sisir', '1/2 sdt garam / sesuai selera', '1/2 sdt kaldu bubuk', '400 ml air', '3 sdm minyak untuk menumis', '6 siung bawang merah', '3 siung bawang putih', '3 butir kemiri sanggrai', '1/2 sdt merica bubuk', '1/2 sdt ketumbar']"
resep-24960208,semur,Semur babi,"['Marinasi daging dengan kecap manis dan lada biarkan 30 menit', '2 daun salam', 'secukupnya Jahe', 'secukupnya Lengkuas', '1 tomat', '1 buah Tahu (di goreng)', '1 buah kentang potong', '1 biji pala', '3 kemiri', '6 bawang merah', '3 bawang putih']"
resep-24788856,sayur lodeh,Lodeh Koro ungu,"['400 gr koro kulit merah', '500 ml santan', '2 lembar daun salam', 'secukupnya Garam', 'secukupnya Kaldu bubuk', '5 buah bawang merah', '2 siung bawang putih', '7 buah cabe rawit asmoro', '2 jumput lada bubuk', 'Sejumput kunyit bubuk']"
resep-24944349,sayur lodeh,Lodeh Terong Jawa,"['~~ ~~', '1 bh terong ungu', '1 papan kecil tempe', '1 bh kentang', '1 sdm bumbu jadi', '1 sdt ketumbar bubuk', '1 sdm bumbu gulai jadi', 'secukupnya Santan', 'secukupnya garam,gula,totole', 'bumbu iris :', '2 siung bawang putih', '2 siung bawang merah', '2 bh cabe keriting', '2 bh cabe ijo', '4 bh cabe pedas', '1 lbr daun salam dn daun jeruk', '1 tangkai serai geprek']"
resep-24855020,sayur lodeh,Sayur Lodeh Sunda,"['1/2 buah labu siam potong potong', '5 lonjor kacang panjang potong potong', '1/2 papan tempe potong kotak', '1 buah jagung manis potong potong', '1 buah terong ungu potong potong', '1 ikat daun melinjo ambil daun nya', '2 lembar daun salam', '1 jari lengkuas geprek', 'Secukup nya garam, gula, kaldu jamur', '500 ml santan encer', '1000 ml santan kental', 'Bumbu halus:', '8 butir bawang merah', '3 butir bawang putih', '3 butir kemiri(saya skip)', '5 buah cabe rawit merah(sesuai selera pedasnya)', '2 sdm minyak utk menumis']"
resep-24948193,sayur lodeh,Lodeh Santan Labu Kuning Bayam Kacang Panjang dan Jagung,"['250 gr labu kuning', '6 bh kacang panjang', '1 bh jagung', '1 ikat bayam', '12 bh bawang merah', '3 bh bawang putih', '3 bh kemiri', '1 sdt ketumbar', '1 ruas lengkuas', '1 bh santan kara', 'Secukupnya gula putih', 'Secukupnya garamse', 'Secukupnya kaldu jamur ', 'Secukupnya bawang goreng']"
resep-24961384,sayur lodeh,Lodeh Kluwih,"['1 buah kluwih, kupas - potong - cuci bersih', '5 lonjor kacang panjang', '1 batang daun bawang', '1 liter air', '7 siung bawang merah', '4 siung bawang putih', '3 butir kemiri', '4 buah cabai rawit', '3 buah cabai kriting merah', 'Sedikit tempe busuk', 'Secukupnya garam', '1 lembar daun jeruk', '2 lembar daun salam', '1 ruas lengkuas, memarkan', '100 ml santan']"
resep-24783196,opor,Opor Ayam Kering Khas Jawa Tengah,"['1 ekor ayam dipotong 10', '1 1/2 liter air', '1 sachet santan instant segitiga', '10 siung bawang putih', '15 siung bawang merah', '3 cm jahe', '1 sdt ketumbar bubuk', '3 cm lengkuas', '1/4 sdt lada putih bubuk', '1 iris tipis kencur (boleh skip)', '1 batang daun sereh di geprek', '3 lembar daun salam', '3 lembar daun jeruk', '1 sdt garam', '1 sdm gula merah diserut', '1/2 sdt kaldu jamur']"
resep-24973660,opor,Opor Ayam,"['1/2 ekor ayam', '4 butir telur rebus (optional)', '4 buah tahu', '1/2 butir kelapa tua parut untuk santan (santan sachet)', '1 bungkus bawang goreng untuk penyajian', '2 lembar daun salam', '2 batang sereh', '3 lembar daun jeruk', 'Lengkuas', '10 buah bawang merah', '8 buah bawang putih', '5 cm kunir', '1/2 ruas jahe', '1/2 sdt ketumbar', '1/2 sdt merica bubuk', '5 buah kemiri', 'Garam, gula, penyedap rasa, kaldu ayam (sesuaikan rasa)']"
resep-24957337,opor,Opor Ayam Panggang Jepara,"['8 potong sayap ayam (resep asli 1 ekor ayam bisa jg pakai ayam kampung)', '1 sdm ketumbar bubuk', '1 sdt kunyit bubuk', '1/2 sdt garam', '1 buah jeruk lemon (bisa diganti jeruk nipis)', '4 siung bawang putih', '5 siung bawang merah', '2 cm lengkuas', '3 butir kemiri', '1 cm jahe', '1 sdt ketumbar bubuk', '1 batang serai', '2 lembar daun jeruk', '500 ml santan (65 ml santan instan + air) resep asli 750 ml', '1 sdt garam', '1/2 sdt gula pasir', '1 sdt gula merah', '1/2 sdt penyedap']"
resep-24956983,opor,Opor Manuk Khas NTB,"['1 ekor ayam kampung potong dan bersihkan', '1 liter santan kental sedang', '4 sdm minyak untuk menumis', '1 jari lengkuas', '5 cm kayu manis', '2 butir cengkeh', '8 butir bawang merah', '4 siung bawang putih', '8 buah cabe merah besar', '2 sdt ketumbar sangrai', '1/2 sdt jinten sangrai', '4 butir kemiri sangrai', '1 sdt lada hitam bubuk', '1 ruas kencur', '1 ruas jahe', '1 sdt garam', '1 sdm gula merah', '1/2 sdt kaldu bubuk', '5-7 buah cabe rawit utuh (skip)']"
resep-24954611,opor,Opor ayam simple tanpa santan,"['1 kg ayam', '2 bungkus Bumbu opor desaku', '8 siung bawang merah', '3 siung bawang putih', '2 lembar daun salam', '2 batang sereh', '3 lembar daun jeruk', '5 sdm fiber cream', '2 Gelas Air hangat', '3 sdt Garam', '1 sdt Gula pasir']"
resep-24955647,sayur asem,Sayur Asem Jawa Sumatra,"['1/2 kg ikan serai', '5 buah terong bulat hijau', '10 helai kacang panjang', 'Secukupnya Buah kecombrang di geprek sampai bijinya keluar', '1 liter Air', '5 lembar daun salam', '3 lembar daun jeruk', '2 batang serai', '2 ruas lengkuas', '8 siung Bawang merah', '4 siung Bawang putih', '1 ruas kunyit', '1 ruas jahe', '2 sdt merica utuh', '1 buah tomat merah (opsional)', '2 SDM garam kasar', '2 sdt micin', '1 sdt gula pasir', '1 sdt bubuk kaldu ayam']"
resep-16885434,sayur asem,Sayur asem jakarta,"['Kacang panjang', 'Timun', 'Jagung', 'Daun melinjo', 'Daun salam', 'Laos', 'Terasi', 'Garam', 'Gula', 'Bumbu halus :', 'Bawang merah', 'Cabai merah', 'Cabai rawit']"
resep-24964423,sayur asem,Sayur Asem Jakarta,"['1/2 buah, potong-potong Jagung manis', '1 buah, potong dadu Labu siam', '4 batang, potong 4 cm Kacang panjang', '2 iris nangka muda, potong kecil', '10-15 butir Melinjo', '10 lembar Daun melinjo', '6 lbr daun sawi putih, potong&quot;', '4 lbr daun kol, potong &quot;', '1 sdm Kacang tanah', 'Secukupnya toge kacang kedelai', '1 sdm asam jawa dilarutkan dengan 75-100ml air hangat', '1,5-2 liter Air', '1,5 sdm Garam, sesuai selera', '1 sdm, serut Gula merah (sy pake gula pasir)', '1 sdt Kaldu jamur', '5 lbr daun salam', '2 ruas lengkuas geprek', '6 bh bawang merah', '4 bh bawang putih', '4 bh kemiri', '7 bh cabe keriting merah, buang biji', '2 sdt terasi']"
resep-17271676,sayur asem,Sayur Asem Ndeso,"['1 buah wortel', '1/2 kobis', '1 buah labu siam kecil', '1 buah terong ungu kecil', '1 buah jagung manis', '4 btg kacang panjang', '25 gr kacang tanah', 'Secukupnya daun melinjo', '2 btg daun bawang', '1,2 L air', '2 siung bawang putih', '4 siung bawang merah', '25 gr kacang tanah', '2 buah cabe merah besar', '50 ml air', '15 gr lengkuas, geprek', '3 lembar daun salam', '1/2 sdm garam', '40 gr gula merah bubuk', '1 sdm gula pasir', '10 gr asam jawa (sesuai selera)']"
resep-24956283,sayur asem,Sayur Asam Ikan Lele Kutai,"['400 gr Ikan Lele', '5 lbr Kubis', '2 lbr Daun Salam', '2 btg Serai geprek', '1/2 sdt Kunyit Bubuk', '10 Cabe Rawit Merah', '1 sdt Asam Jawa', 'secukupnya Air bersih', 'secukupnya Gula, Garam, penyedap rasa', '2 sdm Minyak Goreng', '5 btr Bawang Merah', '4 Siung Bawang Putih', '3 bh Belimbing Wuluh', '1 bh Tomat Merah']"
resep-24191898,masakan jawa,Sayur Bobor Daun Adas khas Salatiga Masakan dari sayuran sehat anti kangker dll,"['1 ikat sedang daun adas (2 ons)', '150 gr tempe semangit (sudah 3 harian)', '750 ml santan', '3 potong ikan asap (bisa diskip)', '5 siung bawang merah', '5 siung bawang putih', '2 buah kemiri, sangrai', '1 sdt ketumbar, sangrai', '5 buah cabe merah (disesuaikan selera)', 'Garam, gula pasir, daun salam, lengkuas, daun jeruk (takaran sesuaikan)']"
resep-22572358,masakan jawa,Pindang Serani Masakan Khas Jepara,"['1 kg ikan cukil/ kakap putih (ikan segar)', '5 siung bawang merah', '4 siung bawang putih', '1 ruas kunyit', '1/2 sdt garam', '1 sdt kaldu bubuk', '1/2 sdm gula', '1/2 sdt micin', '5 siung bawang merah', '4 siung bawang putih', '2 buah tomat', '5 buah blimbing wuluh', '3 buah cabai merah', '1 ruas lengkuas geprek', '1 batang serai geprek', '2 lembar daun salam', '4 lembar daun jeruk', '10 buah cabai rawit', '1 liter air']"
resep-17312545,masakan jawa,Becek Ayam Becek Pepaya Muda tempe bosok Masakan Khas Tuban Jawa Timur,['Sesuai resep yang saya lampirkan']
resep-17278124,masakan jawa,TONGSENG Grubyukan Modifikasi Seru Masakan,"['Sisa kuah lodeh ikan Lais asap ==&gt; lihat resep lodeh ikan lais asap', '1 bungkus sate kambing &amp; sate ayam', 'Secukupnya daging paru rebus ==&gt; sy potong menyesuaikan besarnya daging sate ==&gt; tambahan optional (kebetulan ada stock paru rebus )', 'Kol secukupnya ==&gt; rajang', '1 bh Tomat ==&gt; rajang', '3 bh Bawang Merah ==&gt; rajang', '2 bh Bawang Putih ==&gt; rajang', '5 bh cabai rawit pedas utuh ==&gt; atau sesuai selera pedasnya', '3 bh cabai merah keriting ==&gt; rajang ==&gt; atau sesuai selera pedas banyaknya', '1/2 sdt pala bubuk', '1/2 sdt merica bubuk', '1/2 sdt ketumbar halus', 'Kecap manis ==&gt;&gt; secukupnya sesuai selera manisnya']"
resep-17251249,masakan jawa,Sambal masakan Kuah Soto bakso sop opor dkk nya,"['2 siung bawang putih (me : 1 siung besar)', '5 siung bawang merah (me: 4 siung)', '4 buah cabe rawit', '5 buah cabe merah keriting', '1/2 butir tomat', 'Secukupnya gula,garam dan air']"
resep-24983427,masakan sunda,Seblak Aci Karakter,"['150 gr tepung terigu', '1/4 sdt garam', '1/2 sdt penyedap rasa', '1/4 sdt lada', '100 gr tepung tapioka', '85 ml - 100 ml + pewarna']"
resep-24965189,masakan sunda,Gepuk Daging Sapi Basah,"['1/2 kilo daging sapi', 'Secukupnya air', 'Secukupnya daun salam', 'Secukupnya sereh', '1 bulat gula merah', 'Secukupnya garam', '2 sdt mancung gula putih', '1/2 sdt kaldu sapi', 'Secukupnya asam jawa', '1 bungkus santan instant', '3 Kemiri(sangrai biar wangi)', '3 jari lengkuas', '5 siung Bawang putih', '7 siung Bawang merah', '1 sdt ketuncar']"
resep-24979989,masakan sunda,Bekal Nasi Liwet,"['3 cup beras', '1 genggam teri medan kering. Cuci bersih, goreng hingga matang, sisihkan', '1 santan kara ukuran 65 ml + 1 gelas air', '5 butir bawang merah, iris2 tipis', '4 siung bawang putih, iris2 tipis', '1 buah cabe merah besar, iris2', '2 lembar daun salam', '2 serai, geprek', '1 sdt cabe bubuk supaya warnanya cantik (boleh skip)', 'secukupnya Garam', '1 sdt gula merah cincang (agar hasil lbh gurih)']"
resep-24809470,masakan sunda,Sate Maranggi Goreng,"['500 gr daging sapi, potong satu gigitan', '1 sdm air jeruk nipis', '3/4 sdt garam halus', '4 siung bawang putih, haluskan', '14 siung bawang merah, haluskan', '1 sdm ketumbar bubuk', '1/2 sdt lada bubuk', '3 cm jahe, haluskan', '5 cm lengkuas, haluskan', '5 sdm air asam jawa', '1,5 sdt garam halus', '1,5 sdt kaldu sapi bubuk', '4 sdm kecap manis (masukan saat menumis)', '1 buah tomat, potong dadu', '3-4 siung bawang merah iris', '5-10 cabe rawit, iris2', '1/2 sdt kaldu bubuk', '1 buah air jeruk limau']"
resep-24902442,masakan sunda,Sate Maranggi Oseng,"['1000 gr Daging Sapi Berlemak (aku pakai Rib Eye)', '1 sdt Baking Soda + Air (30 menit &amp; Bilas dengan Air)', 'Secukupnya margarin', '20 Bawang Merah', '5 Bawang Putih', '2 cm Jahe', '5 cm Lengkuas', '2 sdm Ketumbar', '2 sdt Garam', '2 sdt Penyedap', '40 gr Gula Merah', '25 gr Asam Jawa + 75 ml Air (Haluskan &amp; Tumis sampai benar-benar Matang)', 'sdm Kecap Manis (Masukkan setelah Bumbu Matang)', '6 bh Bawang Merah, iris', '6 bh Cabai Rawit Merah, iris', '1 bh Tomat Merah, potong kotak2', '1 bh Jeruk Limau', '8 sdm Kecap Manis']"
resep-24968231,masakan padang,Ayam Pop Kids Friendly ala masakan padang,"['2 paha ayam', '500 ml air kelapa', '250 ml santan', 'Secukupnya garam', '4 lembar daun jeruk', '3 lembar daun salam', '2 batang serai (Di Geprek)', '5 siung bawang putih', '2 butir kemiri', '1 ruas jahe']"
resep-24954120,masakan padang,Sambal Balado Ayam masakan Padang,"['1 kg daging ayam (potong 6 atau sesuai selera)', '4 siung bawang putih', '1 sdt ketumbar', 'secukupnya garam', '12 buah Cabai keriting', '6 buah Cabai rawit', 'secukupnya garam', '6 buah bawang merah, rajang', 'Selada untuk hiasan/lalapan', '1,5-2 sdm minyak goreng', '4 gelas air utk rebus ayam']"
resep-24760593,masakan padang,Gulai Pisang Telur Masakan Jadul Yang Endul,"['1 sisir Pisang tanduk dipotong serong memanjang', '5 butir Telurnya rebus', '1 bungkus Santan Kara', 'secukupnya Bumbu gulai beli di pajak/pasar', '6 buah Cabai merah belah 2', 'secukupnya Ebi goreng', 'secukupnya Air bersih', 'secukupnya Garam', 'secukupnya Gula', 'secukupnya Kaldu ayam bubuk', 'secukupnya Lada bubuk', 'secukupnya Minyak goreng']"
resep-24558051,masakan padang,Gulai Tunjang Masakan Minang,"['1/2 kg tunjang', '1/4 kg rebung', '1,5 Liter santan', '4 sdt pemasak kambing', '60 gram cabe giling', '5 siung bawang putih', '8 siung bawang merah', '1 cm jahe', '1 cm lengkuas', '1 cm kunyit', '1 batang sere', '1 lembar daun kunyit', '3 lembar daun jeruk', '1 lembar daun salam']"
resep-23961675,masakan padang,Ambu Ambu Kelapa Oseng Untuk Rendang Masakan Padang,['500 gr kelapa parut']
resep-17266709,masakan bali,Ikan Kembung Me Nyat Nyat masakan Bali,"['4 ekor ikan kembung, cuci bersih', '100-125 gr Bumbu basegenep', '1 sdt garam', '1/2 sdt pada hitam', '25 gr Asam Jawa (larutkan dengan sedikit air)', '100-125 gr Bumbu base genep', '1 batang sereh', '10 gr kencur (parit ambil airnya)', '3 lebar daun jeruk', '5 lembar daun salam', '20-25 gr gula Jawa (sesuai selera)', '500 ml air untuk merebus bumbu', 'secukupnya Garam']"
resep-17257686,masakan bali,Base Genep Autentik Bumbu Dasar Masakan Bali,"['1 kg lengkuas', '500 gr kencur', '250 gr kunyit', '125 gr jahe', '100 gr Bawang Merah', '100 gr Bawang Putih', '20 gr ketumbar', '20 gr jinten', '20 gr biji pala', '20 gr lada hitam (bisa di kurangi bila tak suka pedas)', '5-20 gr cengkeh', '20 gr kemiri', '5 batang Serai', '5 lembar daun salam', '5 lembar daun jeruk', 'sesuai selera Bisa di tambah cabai,', '300 ml minyak kelapa (untuk menumis)', '2 sdm garam']"
resep-17065143,masakan bali,Suir ayam sambal matah masakan Bali,"['1/4 kg ayam', 'iris Bumbu', '6 siung bawang merah', '10 buah cabe kecil merah', '1/2 peras jeruk lemo', 'Secukupnya garam, penyedap rasa, gula dan minyak panas, dan terasi']"
resep-16984053,masakan bali,Jukut Komak Kacang Kara Masakan Khas Buleleng,"['1 kilogram komak / kacang kara yang serat pinggirnya sudah dikupas', '1 batang sereh', '2 lembar daun salam', 'Sejumput buah asam', 'Sesuai selera garam', 'Secukupnya air untuk kuah (saya banyakin kuahnya karena kuahnya enak)', 'Bumbu dihaluskan :', '8 buah bawang merah', '5 buah bawang putih', '7 buah cabe merah kecil', '2 buah cabe merah besar (optional)', '1 ruas kunyit', '1 keping terasi kemasan kecil']"
resep-16899918,masakan bali,Jukut gonde sayur gonde masakan khas Bali,"['1 ikat gonde', 'Bumbu sambal bawang goreng', '3 siung bawang putih', '5 siung bawang merah (saya pakek yg ukuran kecil)', '6 buah cabe merah kecil', 'Secukupnya terasi, gula pasir, dan garam']"
resep-24080783,masakan banjar,Bistik Ayam masakan khas Banjar,"['1/2 ekor ayam, 3 telur ayam', 'Bahan bahan :', '2 buah wortel, 2 buah kentang, daun bawang, daun seledri', 'Bawang merah', 'Bawang putih', '3 kemiri', 'Jahe', 'Bumbu sop (tinggal cengkeh, kayu manis, bunga sisir)', 'Garam', 'Gula merah', 'Kicap manis', 'Lada bubuk', 'Kaldu ayam bubuk', 'Kayu manis, bunga sisir, cengkeh']"
resep-16208413,masakan banjar,Bumbu Dasar Masak Tuha Masakan Banjar,"['5 buah lombok kering, rendam dan rebus', '10 siung bawang merah', '7 siung bawang putih', '2 cm jahe', '2 cm kencur', '2 cm kunyit', '2 cm laos', '1 buah serai', '4 sdm rabuk kelapa', '1/4 bungkus bumbu karih (Arabia)', '1/2 sdt jinten, sangrai', '1/2 sdt adas manis, sangrai', '1/2 sdt terasi', 'Gula merah', 'Garam']"
resep-16191432,masakan banjar,Haliling kuah santan pedas masakan banjar,"['Haliling yg sdh dibersihkan dan dipotong bagian ekornya', '5 siung bawang merah', '2 siung bawang putih', 'Jahe, kunyit, dan kencur (sedikit aja, jangan kebanyakan)', '2 batang sereh dan sedikit laos (di geprak), 3-4 lbr daun jeruk', '150-200 ml Santan kental']"
resep-15544704,masakan banjar,Telur Ayam Masak Habang masakan khas kalsel,"[' BAHAN BAHAN:', '7 butir telur', '3 buah Ayam', '1 buah cabe merah besar iris2 serong', '3 buah cabe rawit', '3 lembar daun jeruk', '1 lembar daun salam', '1 lonjor sereh digeprek', '1 ruas jari lengkuas', '1 ruas jari jahe', '1.5 sdm bumbu dasar merah,resep klik disini', '1 sdt gula pasir', '1/4 sdt garam', '1/2 sdt bubuk kaldu', '1 sdt bubuk cabe', '1 sdm saus tomat']"
resep-13578084,masakan banjar,Garih batanak masakan santan ikan asin khas banjar,"['1 kepala/buntut ikan asin jambal roti(boleh juga full daging)', '3 butir telur bebek(boleh telur ayam)', '4 siung bawang merah', '2 siung bawang putih', '1 buah tomat', '2 cabe merah', '1 cabe hijau', '5 cabe rawit', '1 ruas lengkuas', '1 serai', '1/2 sdm garam', '1/2 sdm gula', '500-650 ml santan sedang']"
resep-24629651,masakan manado,Woku Ikan Kembung Masakan Rumah Rasa Manado,"['3 ekor ikan kembung banjar', '1 sdt garam (atau sesuai selera)', '1/2 sdt penyedap rasa kaldu (ayam, sapi, jamur, etc)', '150 ml air', '1/2 buah lemon atau 1 buah jeruk nipis, ambil air perasannya', '1 sdt garam', '10 siung bawang merah', '5 siung bawang putih', '10 buah cabai rawit merah (sesuaikan tingkat kepedasan masing-masing)', '5 buah cabai merah keriting', '3 cm kunyit', '2 cm jahe', '2 buah tomat, potong kecil-kecil', '2 batang serai, geprek', '5 lembar daun jeruk, buang tulang daunnya', '1 lembar daun kunyit', '2 lembar daun pandan, simpulkan']"
resep-23903252,masakan manado,Ikan goreng Sous masakan Manado,"['3 ekor ikan (jenis apapun)', '5 siung bawang merah', 'secukupnya jahe, jgn banyak2', '5 buah Tomat', '1 genggam cabe rawit ato sesuai selera', '2 siung bawang putih(kalo suka,kalo nggk suka nggk perlu)', 'secukupnya minyak kelapa untuk mengoreng', 'sesuai selera garam', 'sesuai selera penyedap rasa', 'secukupnya kecap (kalo suka pake)', 'secukupnya Lemon atau bisa pake cuka', 'secukupnya air']"
resep-14768379,masakan manado,Bebek Peking Bumbu RW Laos Masakan Manado,"['1 ekor bebek peking', '4 lembar daun jeruk', 'secukupnya Kemangi', '2 batang daun bawang potong-potong', 'secukupnya Minyak zaitun', '2 1/2 sdt garam', '1 sdt gula pasir', '1 lembar daun pandan', 'secukupnya Air matang', 'Bumbu haluskan :', '10 siung bawang merah', '3 siung bawang putih', '2 batang serai ambil bagian putihnya', 'Laos agak banyak (kurleb 50 gram)', 'Sejempol jahe', '6 cabe kriting merah', '15 cabe rawit']"
resep-14877684,masakan manado,Ayam Kecap masakan Manado,"['1 Ekor Ayam daging', '4 sachet Kecap manis/ sesuai selera', '10 siung bawang merah', '3 siung bawang putih', '1 Ruas jahe (sebesar jempo)', '10 buah cabe rawit /sesuai selera', '1 buah tomat', '1 Sachet ladaku', '1 sachet masako dan penyedap rasa', '1/2 kg minyak goreng']"
resep-13679438,masakan manado,Ayam Woku Kemangi Masakan Manado,"['400 gram fillet dada ayam, potong dadu', '3 lembar daun jeruk purut', '1 sendok makan air perasan jeruk nipis', '1 batang daun bawang, iris serong tipis', '2 buah cabe hijau besar iris serong', '1 batang sereh, ambil bagian putihnya dan geprek', '4 sendok makan minyak sayur untuk tumis bumbu halus', '1 genggam daun kemangi yang sudah dipotek potekin dari batangnya', '5 buah cabe merah kecil', 'secukupnya Garam dan lada', 'Gula sedikit saja, jika perlu penyeimbang rasa', '4 siung bawang putih', '4 siung bawang merah', '1 ruas jari kunyit', '1 ruas jari jahe', '1 ruang jari lengkuas', '2 butir kemiri']"
resep-24983560,minuman es,Es Kweni Selasih,"['2 buah kweni', '1 sachet nutrisari sweet mango', '5 sdm nata de coco', '3 sdm gula pasir premium ROSE BRAND', '1 sdm selasih, rendam air panas', 'secukupnya Es batu']"
resep-24983404,minuman es,Es Kopi Susu Coklat,"['2 sdt kopi hitam + 1 sdm gula (larutkan dengan 100 ml air)', '80 ml susu UHT full cream', '2 sdm coklat bubuk (larutkan dengan 100 ml air)', 'Secukupnya es batu']"
resep-24980486,minuman es,Es Kopi Susu Kayu manis,"['1 sachet kopi instan', '200 ml susu ultra plain', 'sesuai selera Gula', 'secukupnya Es batu', '1 batang kayu manis']"
resep-24978351,minuman es,Puding Es Doger,"['2 butir kuning telur', '50 gram gula pasir', '40 gram maizena', '2 sachet skm putih', 'Sejimpit garam', '200 ml air kelapa muda', '600 ml santan (100ml santan instan +air)', '1 buah daging kelapa muda', '3 tetes pasta es doger (jika tidak ada pakai pewarna pink muda)', '2 tetes pasta vanilla', '1 sachet agar plain', '5 sdm gula', '1 sachet skm putih', '100 ml air kelapa muda', '400 ml air santan (1 sachet santan+ air)', '2 putih telur (kocok hingga kaku)', '2 tetes pasta vanila', 'Secukupnya meses warna merah atau bisa juga sukade (sesuaikan selera)']"
resep-24977965,minuman es,Es Buah Merah Putih,"['1/4 buah semangka merah', '1 buah apel merah', 'secukupnya susu evaporasi', 'secukupnya gula pasir', 'sedikit air mineral dingin', 'secukupnya es batu', 'secubit garam (optional)']"
resep-24824241,minuman kopi,Bandrek Kopi Susu,"['500 ml air', '50 gr jahe', '40 gr gula aren', '3 batang sereh', '3 butir kapulaga', '2 bunga lawang', '3 cm kayu manis', '1/2 cengkeh', 'sejumput garam', '4 gr (2 sachet) kopi tanpa ampas', '100 ml air panas', '100 ml (2 sachet) kental manis']"
resep-16985221,minuman kopi,Salted Condensed Milk Coffee,"['30 ml espresso', '120 ml susu cair dingin', '15 ml condensed milk', 'Sejumput garam', '100 gr es batu']"
resep-24952745,minuman kopi,Hot Thai Milk Coffee,"['3 sdm Teh Daun', '500 ml Air Bersih', '2 scht Nescafe', '100 ml Air Panas', '75 ml SKM Putih', '200 ml Susu Evaporasi']"
resep-24956539,minuman kopi,Kopi Susu Ettawa,"['500 ml Susu Kambing Ettawa', '1 sachet Top Coffee Mokachinno', '3 jari Jahe Merah', '1 ruas Jari Kayu Manis', '1 sdm Madu Murni *']"
resep-24938341,minuman kopi,Wedang Jahe Kopi Susu,"['2 ruas jahe, kupas dan iris tipis', '2 sdm gula pasir ROSE BRAND', '400 ml air', '2 sdm kopi bubuk', '2 sdm kental manis']"
resep-24984573,minuman tradisional,Wedang Bajigur,"['600 ml air', '100 gram parutan kelapa', '2 ruas jahe bakar geprek', '1 batang kayu manis', '2 butir kapulaga', '2 keping gula merah', '1 lembar daun pandan', '1 sachet kopi instan Nescafe', 'Sejumput garam']"
resep-24984187,minuman tradisional,Bandrek Aceh,"['100 gr jahe', '3 batang serai, memarkan', '5 buah kapulaga', '7 bh cengkeh', '3 bunga lawang', '7 cm kayu manis', '3 lembar daun pandan, simpulkan', '1/4 sdt merica bubuk (saya merica butir)', '1 kantong teh celup', '1 liter air', '6 sdm gula pasir (saya gula aren)', 'Kacang bawang (saya tidak pakai)']"
resep-24983615,minuman tradisional,Wedang uwuh,"['Sejumput kayu secang', '6 buah cengkeh', '1 ruas kayu manis', '1 batang serai', '1 ruas jahe', '2 butir pala', '2 lbr daun pala', '1 lbr pandan ikat simpul', '1 keping gula merah (optional bisa gula batu, gula pasir, atau tdk sama sekali)']"
resep-24983016,minuman tradisional,Jamu Beras Kencur,"['50 gr beras putih', '100 gr kencur', '50 gr gula merah', '3 cm kayu manis', '2 ruas jahe', '1 lbr daun pandan', 'Sejumput garam', '500 ml air minum']"
resep-24982907,minuman tradisional,Wedang Jahe Kayu Manis,"['150 gr jahe', '2 batang kayu manis, panjang 3-5 cm', '1 ruas jari kunyit', '2 batang serai', '1 L air', '1 buah jeruk nipis', 'Secukupnya madu']"
resep-24984661,masakan barat,Simple Garlic Bread,"['3-4 pcs Roti Tawar', '2 sdm Mentega / Margarin', '4-5 pcs Bawang Putih', 'Note : Kalau punya bisa diberi cacahan peterseli / Seledri']"
resep-24979188,masakan barat,Waffle Ori,"['100 gr Terigu', '50 ml Susu UHT', '1 butir Telur', '1 sdm Gula pasir rose brand', 'Secukupnya Margarin rose brand untuk mengoles']"
resep-24977753,masakan barat,Rouge et Blanc Mousse Pudding,"['400 mL Susu UHT (re: UJ)', '100 mL Whipping Cream (Gold Label)', '80 gram Gula Pasir', '1 pcs Vanilla Beans', '7 gram Gelatin', '35 mL Air Dingin', '100 gram Strawberry', '100 mL Whipping Cream', '30 gram Gula Pasir', '3 gram Gelatin', '1 sdm Air Dingin', '1 sdm Selai Strawberry', 'Secukupnya Vanilla Sponge Cake']"
resep-24978702,masakan barat,Panna Cotta Strawberry,"['250 ml Heavy cream (whipped cream cair)', '250 ml Susu UHT, me : greendfield', '50 g Gula pasir', '1/4 sdt garam', '2 tetes vanilla essence', '15 g Gelatin bubuk', '50 ml Air hangat', '250 g Strawberry segar', '40 g Gula pasir (untuk compote)', '3 sdm air', '1 sdt Air perasan jeruk nipis', 'secukupnya (untuk hiasan, opsional) Irisan jeruk nipis dan daun mint']"
resep-24977694,masakan barat,Pizza Supreme,"['200 g Tepung terigu', '120 ml Air hangat', '1 sdm Ragi instan', '2 sdm Gula pasir', '1/2 sdt Garam', '5 sdm Minyak zaitun / minyak goreng', '3 sdm saus bolognese', '2 Sdm Saus tomat', 'Secukupnya saus sambal', '1/2 blok Keju mozzarella', 'Secukupnya Daging asap', '1 buah Paprika merah', '1/2 bonggol Bawang bombay', '3 pcs Jamur', 'Secukupnya mayonaise']"
resep-24983523,masakan jepang,Ebi furai,"['500 gram udang', 'Secukupnya minyak untuk menggoreng', '1 sdt air jeruk lemon', '1/2 sdt garam', '1/4 sdt merica', '50 gr terigu serbaguna', '25 gr maizena', '1 butir telur', '1/2 sdt kaldu bubuk', '1 sdt bawang putih bubuk', '100 ml air', 'Secukupnya Breadcrumb']"
resep-24982188,masakan jepang,Tumis Pokcoy Saus Teriyaki,"['3 buah pokcoy segar', '3 siung bawang putih', '2 sdm saus teriyaki', '2 sdm kecap manis', 'Secukupnya air', '1/4 sdt garam', 'Secukupnya penyedap rasa', 'Secukupnya Lada bubuk']"
resep-24981999,masakan jepang,Pancake dorayaki,"['150 gr gula pasir', '4 butir telur', '280 gr tepung terigu', '2 sdm madu', '200 ml susu uht putih', '8 gr fermipan', '1 /s sdt soda kue', '2 sachet vanili', '60 ml Minyak goreng']"
resep-24980829,masakan jepang,Kare Jepang Golden Curry,"['2 pcs Dada Ayam (bisa diganti Daging Sapi kalau suka)', '2 pcs Wortel', '2 pcs Kentang', '1 pc Bawang Bombay Besar', '1.5-2 Liter Air Putih', 'Secukupnya Bumbu Golden Curry Jepang (saya pakai yang HOT)', 'Secukupnya Penyedap Rasa (Totole)', 'Secukupnya Margarin / Mentega']"
resep-24953287,masakan jepang,Ebi furai ala martin praja masterchef,"['10 ekor udang windu uk besar', '1 sdt bubuk bawang putih', '1/2 sdt merica bubuk', '1 sdt garam', '100 gr tp trigu', '150 gr tp panir putih', '1 butir telur kocok ampe berbuih', '1 sdt kaldu ayam', '1/2 sdt merica', 'Minyak goreng buat goreng']"
resep-24972316,masakan korea,Tteokbokki Tteoppokki Teobbokki Topokki Ala Aku,"['secukupnya Kue beras', 'secukupnya Margarin (bisa pakai minyak goreng)', '2 sdm Saus cabai', '3 sdm Saus tomat', '5 sdm Saus bolognese', 'secukupnya Air bersih', '3 sdm Minyak goreng untuk merebus kue beras', '1/2 kg Tepung ketan (jika punya ortu yang gak punya gigi/susah menggigit makanan kenyal. Silahkan ditambah dengan tepung beras/terigu agar lebih mudah untuk dimakan)', 'secukupnya Garam', 'secukupnya Minyak goreng', 'secukupnya Air bersih', '1/2 buah Bawang bombay dicacah', '3 siung Bawang putih dicacah', 'secukupnya Sosis goreng', 'secukupnya Telur puyuh rebus', 'secukupnya Garam', '1 sdt Gula', 'secukupnya Kaldu jamur (bisa pakai penyedap lainnya)', 'secukupnya Wijen sangrai', 'secukupnya Daun bawang iris serong']"
resep-24967741,masakan korea,Kimchi Simpel Tanpa Rasa Getir,"['1 siung bawang putih', '1/2 siung bombay', '1/2 ruas jahe', '2 sdm tepung beras', '250 ml air', '3 sdm gula pasir', '1/2 sdt bubuk cabe', '5 sdt garam', '1 buah sawi putih ukuran sedang', '2 buah wortel potong korek api', '3 helai bawang daun potong panjang']"
resep-24955532,masakan korea,Kimbap Nasi Merah,"['1 buah wortel iris memanjang', '1 buah timun iris memanjang', '2 buah sosis iris memanjang (sy ga pakai)', 'secukupnya Nori', 'Tikar penggulung kimbap/ Sushi (kalo ga ada bisa pakai kertas nasi)', 'Minyak wijen', 'Kecap asin', 'Sejumput Asatu ROSE BRAND, opsional (ini tambahan saya)', 'Telur dadar iris memanjang (sy tidak di iris)', 'Secukupnya Minyak Goreng Rose Brand', 'Bon cabai, optional (sy ga pakai)']"
resep-24944762,masakan korea,Bibimbap ekonomis saus gochujang,"['1 butir Telur ayam', '1 buah wortel', '50 gr Tauge panjang', '1 ikat bayam', '1 buah zuchini (saya pakai timun, buang biji)', '5 buah tahu putih (bisa pakai ayam/daging cincang/ beef slice)', 'Minyak wijen', 'Secukupnya Wijen sangrai', 'Garam', 'Gula', 'Kaldu jamur', 'Lada bubuk', '1 porsi nasi putih', '4 sdm saus gochujang', '2 sdm air', '1 sdm minyak wijen', '1/2 sdt kecap asin', '1 1/2 sdt gula pasir', '2 butir bawang putih, parut', 'Secukupnya Wijen sangrai', '1/2 sdt Cuka beras (ops, karena saya tidak punya jadi saya skip)', 'Nori']"
resep-24944675,masakan korea,Bibimbap,"['1 ikat bayam', '1 buah wortel', '1 bonggol jagung', '200 gr kecambah besar (kecambah kedelai)', 'Secukupnya wijen sangrai', 'Secukupnya minyak untuk menumis', 'Secukupnya nasi putih', '1 buah bawang bombay besar', '5 siung bawang putih', '3 sdt Gochujang', '3 sdt minyak wijen', '2 sdt Gochugaru (bubuk cabai)']"
resep-23971145,masakan tiongkok,Masakan China Mapo Doufu dengan potongan ati ayam mengunakan bahan Indonesia,"['2 Tahu ukuran sedang dipotong dadu', '2 ati ayam dipotong kecil-kecil', '2 siung bawang putih', '2 cm jahe dipotong cincang', '2 sdm saus sambel', '1 Sdm kecap inggris', '1 Sdm saus tiram', '1 sdt merica bubuk', '1 Sdm bubuk cabai', '2 batang daun bawang dipotong cincang', '150 ml air', '1/2 sdm Royco/masako', 'secukupnya Garam', '2 sdm minyak goreng']"
resep-23919435,masakan tiongkok,Sop Tahu Sawi ala masakan cina,"['1/2 bonggol sawi putih', '1 batang daun bawang', '2 buah tahu putih', '3 butir telur', '1 ruas jahe', '1 sendok minyak wijin', 'Sejumput ebi kering (krese)', 'Secukupnya garam', 'Secukupnya kaldu jamur', 'secukupnya Air']"
resep-17219270,masakan tiongkok,Cumi cumi tumis cabe hijau masakan hongkong,"['2 ekor cumi-cumi (ukuran besar)', '3 buah cabe hijau', '1 siung bawang merah', '1 siung bawang putih', '3 lembar irisan jahe', 'sedikit gula', 'sesuai selera penyedap rasa', 'sesuai selera merica bubuk', 'secukupnya saos tiram']"
resep-17144127,masakan tiongkok,Nasi Tim Daging sapi mpasi diet masakan sehat bekalanak,"['1/4 daging sapi giling', '2 bh jamur champignon/kancing (atau wortel parut jika tidak ada jamur atau jamur kuping)', '1/2 bawang bombai cincang /iris kecil-kecil', 'Daun bawang iris sedang', '2 bh bawang putih cincang', '1 lbr daun salam', '1 ruas jahe geprek', '1/2 sdt Minyak wijen', 'Kecap asin', 'Kecap manis', 'Saus tiram', 'Lada bubuk', 'Penyedap rasa (optional)', 'dikit Larutan maezena', 'Un salted butter/margarin/minyak buat menumis', '2 bh telur rebus']"
resep-16582380,masakan tiongkok,MAN NGAU CIN MASAKAN HONGKONG,"['1 buah ngau cin (sengkel sapi)', '2 ruas jahe geprek', '3 butir bawang putih geprek', '2 sdm kecap asin', '4 sdm kecap hitam', '4 butir gula batu', '1 liter air', '1 sdt gula pasir']"
resep-17250763,masakan thailand,Masakan Tom Yum Goong,"['8 siung bawang merah', '6 siung bawang putih', '8 buah cabai kriting', 'secukupnya Terasi', '2 btng serai', '1 ruas Lengkuas iris', 'secukupnya Minyak', 'secukupnya Air', '2 btg serai geprek', 'secukupnya Lengkuas, iris', 'secukupnya Daun jeruk', 'secukupnya Daun ketumbar', '1/4 gr udang basah', 'secukupnya Jamur', 'secukupnya Tahu', 'secukupnya Tomat', 'secukupnya Mie basah', 'secukupnya Wortel', 'secukupnya Sawi putih', 'Sesuai selera kalian aja isiannya mau apa yaa.']"
resep-13795398,masakan thailand,Pad Gaprao masakan Thai ala Tiger Kitchen,"['250 gr daging ayam giling', 'segenggam daun kemangi', '3-4 cabe kriting merah', '1/3 bawang bombay', '1 sdm saus tiram', '1 sdm kecap ikan', '1 sdm dark soy sauce', '1 sdm kecap asin/ soy sauce', 'secukupnya kaldu blok, gula pasir']"
resep-9491662,masakan thailand,Ayam Cincang Masakan Thailand,"['400 gr ayam cincang/ fillet ayam dicincang', '1 bawang bombay, iris kecil&quot;', '3 siung bawang putih, geprek lalu dicincang', '9 rawit merah. Klo gak suka pedas bisa pakai cabe merah secukup', 'Garam', '1 sdt lada hitam', '2 sdm/lebih kecap manis', '4 sdm kecap asin', '2 ikat daun kemangi', '2 sdm margarin/ minyak wijen']"
resep-3182967,masakan thailand,Tom Yum ala ala kuah merah pr masakan merahputih,"['250 gram fishball (saya beli curah d ramayana)', '250 gram cumi', '250 gram udang', '4 buah tahu seafood', '2 bonggol pokcoy', '2 batang besar daun bawang', '3 siung bawang putih', '8 siung bawang merah', '8 buah cabe merah besar', '15 buah cabe merah keriting', '5 buah rawit merah', '2 ruas lengkuas', '3 buah belimbing wuluh', '1 buah tomat', '2 buah jeruk nipis utk perasaan', 'Sckupnya minyak utk menumis', '2 lt air', 'Sckupnya gula, garam, penyedap']"
resep-1036365,masakan thailand,Tomyam sederhana Resep masakan ala anak kost,"['bakso salmon', 'Bakso Tuna', 'sesuai selera Cabe rawit', '4 buah cabe merah', 'Sereh', 'lada', 'ketumbar', '1 ruas jari jahe', '4 siung bawang merah', '3 siung bawang putih', 'gula', 'garam', 'minyak sayur']"
resep-15327008,masakan timur tengah,Sayur marak masakan Arab,"['1 kilo daging kambing (hanya untuk daging kambing)', '1/2 kilo tulang kambing', '10-15 butir kapolaga arab', 'Kunyit 2 sebesar jari telunjuk', 'secukupnya Jahe', '2 sendok teh Lada bubuk', '1 SM Ketumbar halus', '10 biji Cengkeh', 'Biji pala setengah butir', '4 butir Kemiri', '1 Sendok teh Jinten', 'Kayu manis 2 batang seukuran jari tengah', '10 butir bawang merah', '6 butir bawang putih', 'Daun seledri', 'Tomat buah iris']"
resep-13377907,masakan timur tengah,Gawarma daging masakan daging simple tapi enak masakan arab,"['1/4 daging', '8 siung bawang putih', '1 sdt jintan', '1/2 sdt lada', '1 liter air', '2 sdm mertega', 'Secukupnya garam']"
resep-13345262,masakan timur tengah,Biber Dolmas Paprika isi nasi Masakan Turki,"['± 1 kg paprika', '2 1/2 gelas (uk. 200ml) beras, cuci bersih', '5 siung bawang bombai', '2 siung bawang putih', '3 buah tomat, blender', '3 buah tomat potong sebesar koin', '1 1/2 sdm pasta tomat', '2 sdm garam', '1 sdm merica bubuk', '1 sdm daun mint kering', '7 sdm minyak goreng']"
resep-13307439,masakan timur tengah,Nasi bulgur Domates soslu bulgur pilav Masakan Turki,"['5 sdm minyak goreng', '2 gelas (gelas uk. 200ml) beras bulgur. Cuci bersih', '1 buah bawang bombai besar. Potong dadu', '2 buah cabai hijau besar (tidak pedas) cincang kasar', '1 buah tomat besar. Potong dadu', '1 sdt pasta tomat', '1 1/2 sdm garam', '4 gelas Air panas']"
resep-13298461,masakan timur tengah,Nasi Ayam Favorit F r nda Tavuk Kapama Masakan Turki,"['3 gelas Beras (gelas uk. 300ml) cuci bersih', '± 1kg Ayam rebus hingga matang, sisihkan air kaldunya', '1 sdt Daun Timi / Oregano', '2 sdm Garam', '1 sdm Merica bubuk', '5 siung Bawang bombai, potong dadu/cincang kasar', '1 sdm Cabai kering giling']"
resep-24931017,mpasi bulan,Bubur Ayam Sawi Hijau Menu MPASI Start m,"['3 sdm Nasi Putih', '50 gr Ayam Giling', '10 gr Tahu Putih', '10 gr Sawi Hijau', '1 siung Baput dan Bamer, iris tipis', '200 ml Air', '1 Sdm Minyak Ayam untuk Menumis']"
resep-24914376,mpasi bulan,Sup Jagung Creamy Menu MPASI Start m,"['60 gr Jagung Manis (Diparut/Diblender)', '50 gr Daging Ayam Giling', '5 gr Wortel', '5 gr Buncis', '100 ml susu UHT', '1 siung Baput dan Bamer', '1/2 sdm Keju Bubuk khusus mpasi', '1 sdm Minyak Ayam/Unsalted Butter']"
resep-24820401,mpasi bulan,MPASI Bulan Cemilan Pure Pisang Sederhana,['1 buah pisang cavindesh']
resep-24814887,mpasi bulan,Cemilan Buah MPASI Bulan,"['1 buah Alpukat', '1 sendok Asi / Sufor (boleh skip)']"
resep-24812295,mpasi bulan,MPASI Bulan Pertama Prohe Telur Puyuh sekali makan,"['2 butir telur puyuh', '2-3 sendok Nasi', '1 , 5 Sendok Wortel', '1,5 Sendok Tahu', '1 lembar daun salam']"
resep-24928733,mpasi tahun,Sempol Ayam MPASI th,"['180 gr ayam paha fillet tanpa kulit', '3 buah kentang ukuran sedang', '1 siung bawang putih', 'Secukupnya bawang bombay', '1 batang daun bawang', '1/2 buah wortel ukuran sedang, diparut', '1 sdt kaldu bubuk', '1/4 sdt garam', '1 sdt minyak wijen', 'Secukupnya VCO untuk goreng (optional)', 'Secukupnya stik kayu es krim']"
resep-24920388,mpasi tahun,Kue Ultah Bolu Kukus Pisang Bayi tahun,"['7-8 sdm YummyBites Pancake mix', '1 buah pisang matang uk sedang', '1 sdm butter (boleh UB anchor atau merk lainnya)', '1 telur ayam', '2 sdm susu uht ultra mimi / greenfields', '1 sdm santan']"
resep-24901696,mpasi tahun,Mandu Pangsit Tahu Ayam Udang Mpasi tahun,"['7 sdm Tepung terigu', '30 ml Air panas', '1 siung bawang putih (ulek)', '30 gr Tahu sutera', '30 gr Paha ayam', '10 gr Udang', '5 gr Wortel', 'Garam', 'Bubuk kaldu']"
resep-24887340,mpasi tahun,Perkedel kentang daging kids menu MPASI friendly,"['500 gram kentang (sekitar 3 buah ukuran sedang), kupas, rebus (atau goreng) hingga matang', '5 siung bawang merah', '7 siung bawang putih', 'Secukupnya daun bawang, iris tipis', '1 butir telur, pisahkan kuning dan putihnya (putih dikocok lepas)', '100 gram daging sapi cincang matang (sesuaikan tekstur dengan kemampuan anak)', 'Secukupnya garam', 'Secukupnya kaldu sapi bubuk', 'Secukupnya minyak goreng']"
resep-24885860,mpasi tahun,Camilan Mpasi Makaroni Schotel,"['100 gram makaroni kering', 'Secukupnya air untuk merebus', 'Sedikit garam', '2 sdm tepung terigu', '3 sdm margarin', '200 ml susu uht', 'Sedikit bubuk pala', 'Sedikit lada bubuk,garam,dan kaldu bubuk kalau pakai', '30 gram keju cheddar parut', 'Secukupnya irisan seledri', '1 butir telur', 'Secukupnya daging giling,atau bisa di ganti dengan ayam giling,bakso,atau sosis sesuai selera', '1/2 buah bombay kecil,cincang halus', '1 siung baput,cincang halus', 'Secukupnya minyak']"
resep-24962156,bekal anak,Bekal Anak Sekolah Kerja,"['2 Centong Nasi Putih Hangat', '1 sdm Bawang Goreng', '1 potong Tumis Ayam', '3 sdm Samgor Kentang Tahu Tempe', '1 kotak Teh']"
resep-24962166,bekal anak,Bekal Anak Sekolah Kerja,"['2 Centong Nasi Putih Hangat', '4 potong Egg Chicken Roll', '4 sdm Mie Goreng', '1 sdm Bawang Goreng', '1 kotak Teh']"
resep-24962160,bekal anak,Bekal Anak Sekolah Kerja,"['2 Centong Nasi Putih Hangat', '3 ptg Oseng Daging Mercon', 'secukupnya Kerupuk Bawang', '1 kotak Sari Buah']"
resep-24962161,bekal anak,Bekal Anak Sekolah Kerja,"['2 Centong Nasi Putih Hangat', '3 potong Oseng Daging Mercon', '4 sdm Mie Polosan', '2 sdm Bawang Goreng', '1 kotak Teh']"
resep-24960896,bekal anak,Bekal Anak Sekolah,"['2 lbr Roti Tawar', 'secukupnya Glaze Green Tea', 'secukupnya Margarin', '1 kotak Teh', '1 bh Lemper']"
resep-24967872,nastar,Nastar Premium Original dan Keju,"['270 gr tepung terigu rendah protein', '110 gr tepung maizena', '125 gr butter Wisman + 75 gr butter Elle et Vire + 50 gr Palmia butter margarin', '100 gr susu bubuk', '100 gr gula halus', '2 butir kuning telur', '1/2 sdt garam', '40 gr cheddar cheese parut', '2 butir kuning telur omega', '1 sdm minyak', '2 tetes kuning telur', '1/2 sdt Selai nanas, saya beli jadi']"
resep-24845510,nastar,Pasta coklat untuk isian pia nastar dll,"['75 gr dcc', '50 gr gula pasir', '25 gr coklat bubuk', '75 gr tepung terigu', '1 sdm margarin', '150 ml susu']"
resep-24591231,nastar,Oriental Pineapple Tart,"['300 gr Tepung Terigu Pro Rendah', '150 gr Butter', '100 gr Margarine', '90 gr Gula Halus', '25 gr Tepung Maizena', '50 gr Susu Bubuk', '2 bh Kuing Telur Rebus (hancurkan)', '2 bh Kuning Telur Mentah', '1 sdt Vanilla Ekstrak', 'Sejimpit Garam', '2 bh Kuning Telur (untuk olesan)', 'Secukupnya Selai Nanas']"
resep-24888784,nastar,Nastar,"['4 bungkus margarine blue band (total 800 gr)', '2 bungkus mentega (total 200gr)', '1 bungkus gula halus', '1 kg tepung terigu segitiga biru', '100 gr tepung mainzenna', '10 butir kuning telur (6 untuk adonan, 4 untuk olesan)', '2 bungkus susu bubuk dancow', '2 bungkus keju serbaguna', '500 gr selai nanas']"
resep-24880332,nastar,Nastar gulung alat sederhana,"['secukupnya Selai nanas', '2 kuning telur', '60 gr gula halus', '200 gr butter', '30 gr susu bubuk', '300 gr terigu protein rendah', '50 gr tepung maizena', 'Olesan :', '2 kuning telur', '1 SDM minyak', '1 SDM air', '1/4 sdt lustre dust / bubuk gold']"
resep-24900658,kastengel,KASTENGEL Gluten Free,"['15 g BOLA Deli Gula Halus', '150 g butter', '1 btr telur', '120 g BOLA Deli Tepung Beras', '50 g BOLA Deli Tepung Ketan', '25 BOLA Deli Tepung maizena', '150 g keju cheddar parut', '1 kuning telur', '2 sdm minyak goreng', '1 sdm kental manis putih', '1 Batang Keju cheddar parut']"
resep-24798543,kastengel,Kastengel,"['500 gr terigu pro rendah/sedang (disangrai)', '40 gr maizena', '4 sdm gula halus', '350 gr margarin mix mentega', '2 sdm susu bubuk', '2 btr kuning telur', '200 gr keju chedar (boleh mix edam)', 'Topping = keju slice di iris panjang']"
resep-24782828,kastengel,Kaastengels Ekonomis Tanpa Telur,"['225 gr terigu protein rendah', '25 gr maizena', '30 gr susu bubuk', '165 gr butter/ margarin', '150 gr keju cheddar parut', '1/2 butir kuning telur', '1 sdm minyak goreng', 'Secukupnya keju chedar parut']"
resep-24782810,kastengel,Kastengel,"['200 gr mentega(saya pakai palmia mix margarin)', '250 gr tepung terigu kunci biru', '2 butir kuning telur', '1 sdm susu bubuk Dancow', '50 gr tepung maizena Rose Brand', '100 gr keju cheddar parut(saya masukkan kulkas sekitar 30menit agar tekstur sedikit kering)', '1 butir kuning telur', '50 gr keju cheddar parut(taburan)']"
resep-24631459,kastengel,Kastengel Simple,"['50 gram Gula Halus (Gula Halus Rose Brand diblender)', '200 gram Butter / Mentega', '100 gram Margarin', '3 butir Kuning Telur', '200 gram Keju Cheddar diparut', '1/2 sendok teh Garam Halus', '400 gram Terigu Pro Rendah', '100 gram Maizena Rose Brand', '27 gram Susu Bubuk', '1 sendok teh Baking Powder (optional bisa tidak pakai)', 'Secukupnya Kuning Telur dan UHT Plain untuk olesan (perbandingan 3 kuning telur dan 1 sendok teh UHT', 'Secukupnya Keju Cheddar parut untuk taburan']"
resep-24907911,kue kacang,Kue kacang cokelat,"['2 liter (200 gram) kacang tanah yg telah disangrai dan di cincang kasar', '2 gls belimbing (400 gram) gula pasir', '1 bks (80-90 gram) cokelat vanhouten', '4 butir telur', '1 bks susu dancow kecil', 'secukupnya Vanili']"
resep-24881425,kue kacang,Kue Kacang,"['100 gram mentega', '75 gram butter', '250 gram Kacang tanah, sangrai', '225 gram tepung terigu', '2 buah kuning telur, kocok lepas', '125 gram gula halus', '1/2 sdt ekstrak vanilla', '1 buah kuning telur', '2 sdt susu cair']"
resep-24563092,kue kacang,Kue Kacang,"['1/2 kg kacang', '1 kg tepung terigu segitiga', '1/2 kg gula halus', '2 pcs vanili', '1/2 sdm garam', '500 ml minyak goreng', '2 kuning telur, pewarna kuning muda, minyak goreng secukupnya']"
resep-24793318,kue kacang,Kue Kacang Bimoli,"['300 gr Kacang tanah (sangrai, buang kulit lalu haluskan)', '300 gr Gula halus', '600 gr Tepung terigu', '2 gelas belimbing Minyak goreng (-+400 ml)', 'Secukupnya Kacang sangrai yang telah dikupas (optional)', '1 butir Telur dan sedikit pewarna kuning untuk olesan']"
resep-24777411,kue kacang,Kue kacang,"['500 gr kacang tanah', '400 gr gula halus', '300 gr mentega', '1 kg tepung terigu', '6 cangkir minyak goreng', 'Secukupnya vanili', 'Secukupnya garam', '3 butir kuning telur']"
resep-24955608,putri salju,Putri salju,"['250 gr margarin (100 gr blue band + 150 gr mahal)', '60 gr gula halus dihaluskan', '300 gr tepung terigu protein rendah', '50-70 gr keju parut', '30 gr maizena', '30 gr susu bubuk', 'secukupnya Icing sugar', '1 buah kuning telur']"
resep-22564280,putri salju,Putri Salju Red Velvet No Oven No Mixer,"['300 gr margarin', 'Secukupnya pasta Red Velvet (bisa pakai pop ice rasa Red Velvet 2 sachet)', '3 sdm gula halus (jika pakai pop ice gula dalam adonan di skip)', '400 gr tepung segitiga biru', '1 sdm tepung maizena', '1 sachet susu Dancow putih', 'Secukupnya gula halus/gula donat, untuk topping']"
resep-24874232,putri salju,Putri Salju Lumer,"['100 gr buttermix', '25 gr keju cheddar parut (taruh dikulkas dulu)', '25 gr mete panggang, cincang agak kasar (jangan bubuk dan jangan terlalu kasar juga)', '35 gram gula halus', '35 gram almond meal', '1/4 st vanilla extract', '1/4 st garam halus', '1 butir kuning telur', '100 gr tepung terigu pro rendah yg sudah disangrai', '20 gr maizena', '15 gr susu bubuk', '125 gr gula donat', '10 gr susu bubuk']"
resep-24793892,putri salju,Putri Salju,"['3 buah Kuning telur', 'Secukupnya Gula halus untuk taburan (--+250 gr)', '120 gr Gula pasir', '360 gr Mentega', '600 gr Tepung terigu', '6 sdm Maizena', '1 bungkus Vanili (2 gr)', '1-2 bungkus Susu bubuk vanila (27-54 gr)']"
resep-14309419,putri salju,Pistache Cheesy Snow Balls Putri Salju,"['150 gr butter, suhu ruang', '60 gr gula halus', '50 gr susu bubuk fullcream', '200 gr tepung terigu pro rendah', '50 gr Maizena', '2 butir kuning telur', '50 gr keju parut (saya pakai 20gr Parmigiano Reggiano + 30gr keju Gouda)', '30 gr tepung pistachio', 'Susu bubuk+gula icing untuk bedak']"
resep-24876695,lidah kucing,Lidah Kucing Lumer,"['100 gr putih telur (kurleb 3 butir)', '1/4 st garam halus', '200 gr buttermix', '100 gr gula bubuk', '1/2 st vanilla extract', '120 gr terigu protein rendah yg sudah disangrai', '15 gr susu bubuk', '15 gr maizena']"
resep-24586215,lidah kucing,Lidah Kucing Keju,"['70 gr Putih Telur (dari 2 butir telur)', '40 gr Gula pasir halus', '1 sdt Pasta Vanilla', '200 gr Margarine', '40 gr Gula pasir halus', '135 gr Terigu pro sedang', '30 gr Maizena', '1 sdm Susu Bubuk', '1/4 sdt Garam', '50 gr Keju Cheddar parut']"
resep-24754487,lidah kucing,Lidah Kucing Matcha Greentea,"['125 gr butter', '125 gr margarine', '175 gr gula halus', '75 ml putih telur', '240 gr tepung terigu protein rendah', '6 gr bubuk matcha', '1 sdt perisa matcha', '1/4 sdt Baking powder']"
resep-24671146,lidah kucing,Cookies Lidah Kucing,"['125 gr butter+ margarin', '70 gr gula diblender halus', '38 gr putih telur', '105 gr terigu', '7 gr susu bubuk (skip)', '30 gr maizena', 'Topping: almond slice atau keju parut']"
resep-24669917,lidah kucing,Lidah Kucing Devina Hermawan,"['75 gr mentega tawar (suhu ruang)', '75 gr salted butter', '90 gr gula halus', '1/2 sdt garam', '1 sdt perisa vanila', '1 butir kuning telur', '15 gr susu bubuk', '120 gr tepung terigu protein sedang', '1/2 sdt baking powder', '60 gr keju cheddar', '50 gr putih telur']"
resep-24955613,sagu keju,Sagu keju,"['250 gr margarin (50 gr blue band + 200 gr mahal)', '1 buah kuning telur', '30 gr maizena', '300 gr tepung protein rendah', '60 gr gula dihaluskan', '30 gr susu bubuk', '30 gr maizena', 'secukupnya Icing sugar', '60-80 gr keju parut', 'Plastik segitiga + mixer']"
resep-24969867,sagu keju,Sagu Keju,"['300 gr tepung sagu', '140 gr gula halus', '100 gr margarin', '50 gr mentega', '1 kuning telur', '1 santan instan ukuran kecil', '100 gr keju cheddar parut', '2 lembar daun pandan']"
resep-24900629,sagu keju,Sagu keju,"['250 g BOLA Deli Tepung Tapioka', '80 g BOLA Deli Gula Halus', '120 g butter', '1 btr telur', '1 sdt vanilla essens', '150 g keju parut, keringkan', '30 g santan kental']"
resep-17312700,sagu keju,Sagu Keju Coklat dengan Santan,"['200 gram royal p@lmia', '100 gram gula halus (hasil kurang manis, silahkan ditambah sesuai selera)', '2 butir kuning telur', '160 gram keju (mix edam+cheddar), parut', '2 sachet santan instan(kara)', '80 gram coklat bubuk (bendorf), sangrai', '320 gram tepung sagu (saya pakai sapapua), timbang setelah disangrai', 'secukupnya Toping: keju parut']"
resep-24782822,sagu keju,Kue sagu keju,"['170 gr keju parut', '170 gr tepung terigu protein rendah', '130 gr gula halus', '2 butir kuning telur', '40 gr creamer bubuk (saya pakai susu bubuk)', '34 ml santan kental/cooking cream', '195 gr tepung tapioka sangrai', '170 gr margarin', 'Secukupnya keju parut untuk taburan keju dan']"
